name,price_raw,price_clean,rating_raw,reviews_raw,product_url
Смартфон Apple iPhone 17 Pro 12/256GB Deep Blue,849990.0,849990.0,,,https://www.sulpak.kz/g/smartfoniy-apple-iphone-17-pro-256gb-deep-blue-mg8j4hxa
Смартфон Apple iPhone 13 4/128GB Midnight,319990.0,319990.0,,,https://www.sulpak.kz/g/smartfon_apple_iphone_13_128gb_midnight_mlnw3rka
Смартфон Apple iPhone 17 Pro Max 12/256GB Deep Blue,914990.0,914990.0,,,https://www.sulpak.kz/g/smartfoniy-apple-iphone-17-pro-max-256gb-deep-blue-mfyp4hxa
Смартфон Apple iPhone 16 Pro Max 8/256GB Natural Titanium,834990.0,834990.0,,,https://www.sulpak.kz/g/smartfoniy-apple-iphone-16-pro-max-256gb-natural-titanium-mywy3hxa
Смартфон Apple iPhone 17 Pro 12/256GB Cosmic Orange,849990.0,849990.0,,,https://www.sulpak.kz/g/smartfoniy-apple-iphone-17-pro-256gb-cosmic-orange-mg8h4hxa
Смартфон Apple iPhone 17 Pro 12/256GB Silver,849990.0,849990.0,,,https://www.sulpak.kz/g/smartfoniy-apple-iphone-17-pro-256gb-silver-mg8g4hxa
Смартфон Honor 400 Lite 8/256GB Velvet Grey,169990.0,169990.0,,,https://www.sulpak.kz/g/smartfoniy-honor-400-lite-8-256-velvet-grey
Смартфон Samsung Galaxy S25 Ultra 12/256GB Titanium Black,659890.0,659890.0,,,https://www.sulpak.kz/g/smartfoniy-samsung-galaxy-s25-ultra-12256gb-titanium-black
Смартфон Apple iPhone 17 8/256GB Black,612990.0,612990.0,,,https://www.sulpak.kz/g/smartfoniy-apple-iphone-17-256gb-black-mg6j4hxa
Смартфон Apple iPhone 17 Pro Max 12/256GB Silver,914990.0,914990.0,,,https://www.sulpak.kz/g/smartfoniy-apple-iphone-17-pro-max-256gb-silver-mfym4hxa
Смартфон Apple iPhone 15 6/128GB Black,424990.0,424990.0,,,https://www.sulpak.kz/g/smartfoniy_apple_15_128gb_black
Смартфон Samsung Galaxy A07 6/128GB Black SM-A075FZKHSKZ Galaxy A07 6/128GB Black SM-A075FZKHSKZ,74890.0,74890.0,,,https://www.sulpak.kz/g/smartfoniy-samsung-galaxy-a07-6128gb-black-sm-a075fzkhskz
Смартфон Apple iPhone 16 8/128GB Black,534990.0,534990.0,,,https://www.sulpak.kz/g/smartfoniy-apple-iphone-16-128gb-black-mye73hxa
Смартфон Apple iPhone 13 4/128GB Starlight,319990.0,319990.0,,,https://www.sulpak.kz/g/smartfon_apple_iphone_13_128gb_starlight_mlnx3rka
Смартфон Apple iPhone 16 Pro 8/128GB Black Titanium,684990.0,684990.0,,,https://www.sulpak.kz/g/smartfoniy-apple-iphone-16-pro-128gb-black-titanium-mynd3hxa
Смартфон Apple iPhone 16 Pro Max 8/256GB Desert Titanium,834990.0,834990.0,,,https://www.sulpak.kz/g/smartfoniy-apple-iphone-16-pro-max-256gb-desert-titanium-mywx3hxa
Смартфон Apple iPhone 15 Pro 8/128GB Natural Titanium,534990.0,534990.0,,,https://www.sulpak.kz/g/smartfoniy_apple_15_pro_128gb_natural_titanium
Смартфон Apple iPhone 15 Pro 8/256GB Natural Titanium,624990.0,624990.0,,,https://www.sulpak.kz/g/smartfoniy_apple_15_pro_256gb_natural_titanium
Смартфон Samsung Galaxy A56 5G 8/128GB Graphite,209890.0,209890.0,,,https://www.sulpak.kz/g/smartfoniy-samsung-galaxy-a56-5g-128gb-graphite-sm-a566ezkaskz
Смартфон Apple iPhone 16 Pro Max 8/256GB Black Titanium,834990.0,834990.0,,,https://www.sulpak.kz/g/smartfoniy-apple-iphone-16-pro-max-256gb-black-titanium
Смартфон Honor X9d 12/256GB Midnight Black,229990.0,229990.0,,,https://www.sulpak.kz/g/smartfoniy-honor-x9d-12256gb-midnight-black
Смартфон Samsung Galaxy A26 5G 6/128GB Black,134890.0,134890.0,,,https://www.sulpak.kz/g/smartfoniy-samsung-galaxy-a26-5g-128gb-black-sm-a266bzkdskz
Смартфон Honor 400 Lite 8/256GB Velvet Black,169990.0,169990.0,,,https://www.sulpak.kz/g/smartfoniy-honor-400-lite-8-256-velvet-black
Смартфон Samsung Galaxy S25 12/256GB Navy,404890.0,404890.0,,,https://www.sulpak.kz/g/smartfoniy-samsung-galaxy-s25-12256gb-navy-77-6350
Смартфон Samsung Galaxy S23 FE 5G 8/128GB Mint (RDU),179990.0,179990.0,,,https://www.sulpak.kz/g/tovariy_ne_dlya_prodazhi_samsung_galaxy_s23_fe_5g_128gbmintsm_s711blg4skz_rdu
Смартфон Apple iPhone 15 Pro Max 8/256GB Natural Titanium (Demo),684990.0,684990.0,,,https://www.sulpak.kz/g/smartfoniy_apple_15_pro_max_256gb_natural_titanium_demo
Смартфон Samsung Galaxy A36 5G 128GB Black (SM-A366EZKDSKZ),169890.0,169890.0,,,https://www.sulpak.kz/g/smartfoniy-samsung-galaxy-a36-5g-128gb-black-sm-a366ezkdskz
Смартфон Samsung Galaxy A56 5G 8/256GB Graphite,229890.0,229890.0,,,https://www.sulpak.kz/g/smartfoniy-samsung-galaxy-a56-5g-256gb-graphite-sm-a566ezkcskz
Смартфон Apple iPhone 14 6/128GB Midnight,382990.0,382990.0,,,https://www.sulpak.kz/g/smartfoniy_apple_iphone_14_128gb_midnight_mpug3rua
Смартфоны VIVO Y04 4/256GB Malachite black,84990.0,84990.0,,,https://www.sulpak.kz/g/smartfoniy-vivo-y04-4256gb-malachite-black
Смартфон Apple iPhone 16 Pro 8/256GB Black Titanium,769990.0,769990.0,,,https://www.sulpak.kz/g/smartfoniy-apple-iphone-16-pro-256gb-black-titanium
Смартфон Samsung Galaxy A07 4/64GB Black SM-A075FZKDSKZ,64890.0,64890.0,,,https://www.sulpak.kz/g/smartfoniy-samsung-galaxy-a07-464gb-black-sm-a075fzkdskz
Смартфон Samsung Galaxy A17 128GB Black SM-A175FZKCSKZ,109890.0,109890.0,,,https://www.sulpak.kz/g/smartfoniy-samsung-galaxy-a17-128gb-black-sm-a175fzkcskz
Смартфон VIVO V50 Lite 8/256GB Phantom Black,159990.0,159990.0,,,https://www.sulpak.kz/g/smartfoniy-vivo-v50-lite-8256gb-phantom-black
Смартфон Vivo Y29 8/256GB Brown,139990.0,139990.0,,,https://www.sulpak.kz/g/smartfoniy-vivo-y29-8256gb-brown
Смартфон Apple iPhone 15 Pro Max 8/256GB Natural Titanium,709990.0,709990.0,,,https://www.sulpak.kz/g/smartfoniy_apple_15_pro_max_256gb_natural_titanium
Смартфон Samsung Galaxy A26 5G 8/256GB Black,154890.0,154890.0,,,https://www.sulpak.kz/g/smartfoniy-samsung-galaxy-a26-5g-256gb-black-sm-a266bzkhskz
Смартфон Samsung Galaxy A16 256GB black SM-A165FZKISKZ,104890.0,104890.0,,,https://www.sulpak.kz/g/smartfoniy-samsung-galaxy-a16-256gb-black-sm-a165fzkiskz
Смартфон Apple iPhone 15 6/128GB Blue,424990.0,424990.0,,,https://www.sulpak.kz/g/smartfoniy_apple_15_128gb_blue
Смартфон Apple iPhone 14 Pro Max 6/256GB Space Black,549990.0,549990.0,,,https://www.sulpak.kz/g/smartfoniy_apple_iphone_14_pro_max_256gb_space_black_mqca3rua
Смартфоны VIVO Y19s Pro 6/256GB Diamond Black,99990.0,99990.0,,,https://www.sulpak.kz/g/smartfoniy-vivo-y19s-6256gb-diamond-black
Смартфон Honor 400 8/256GB Midnight Black,249990.0,249990.0,,,https://www.sulpak.kz/g/smartfoniy-honor-400-8256gb-midnight-black
Смартфон VIVO V50 Lite 8/256GB Titanium Gold,159990.0,159990.0,,,https://www.sulpak.kz/g/smartfoniy-vivo-v50-lite-8256gb-titanium-gold
Смартфон Samsung Galaxy A36 5G 256GB Black (SM-A366EZKGSKZ),189890.0,189890.0,,,https://www.sulpak.kz/g/smartfoniy-samsung-galaxy-a36-5g-256gb-black-sm-a366ezkgskz
Смартфон Apple iPhone 16 Pro 8/128GB White Titanium,684990.0,684990.0,,,https://www.sulpak.kz/g/smartfoniy-apple-iphone-16-pro-128gb-white-titanium-myne3hxa
Смартфон Honor X9d 8/256GB Midnight Black,219990.0,219990.0,,,https://www.sulpak.kz/g/smartfoniy-honor-x9d-8256gb-midnight-black
Смартфон Samsung Galaxy S25 12/128GB Navy,369890.0,369890.0,,,https://www.sulpak.kz/g/smartfoniy-samsung-galaxy-s25-12128gb-navy
Смартфон Apple iPhone 15 6/256GB Black,504990.0,504990.0,,,https://www.sulpak.kz/g/smartfoniy_apple_15_256gb_black
Смартфон Apple iPhone 14 Pro 6/128GB Deep Purple,409990.0,409990.0,,,https://www.sulpak.kz/g/smartfoniy_apple_iphone_14_pro_128gb_deep_purple
Смартфон Apple iPhone 16 8/128GB White,534990.0,534990.0,,,https://www.sulpak.kz/g/smartfoniy-apple-iphone-16-128gb-white-mye93hxa
Смартфон Apple iPhone 15 Pro 8/1TB Black Titanium,844990.0,844990.0,,,https://www.sulpak.kz/g/smartfoniy_apple_15_pro_1tb_black_titanium
Смартфон Realme 14T 5G 8/256 GB Black,134990.0,134990.0,,,https://www.sulpak.kz/g/smartfoniy-realme-14t-5g-8256-gb-black
Смартфон Vivo Y29 8/256GB White,139990.0,139990.0,,,https://www.sulpak.kz/g/smartfoniy-vivo-y29-8256gb-white
Смартфон Samsung Galaxy S25 12/256GB Silver shadow,404890.0,404890.0,,,https://www.sulpak.kz/g/smartfoniy-samsung-galaxy-s25-ultra-12256gb-silver-shadow
Смартфон OPPO Reno14F 5G 8/256GB Luminous Green,249990.0,249990.0,,,https://www.sulpak.kz/g/smartfoniy-oppo-reno14f-5g-8256gb-luminous-green
Смартфон Samsung Galaxy S25 Ultra 12/512GB Titanium Black,729890.0,729890.0,,,https://www.sulpak.kz/g/smartfoniy-samsung-galaxy-s25-ultra-12512gb-titanium-black-sm-s938bzkcskz
Смартфон Apple iPhone Air 12/256GB Space Black,764990.0,764990.0,,,https://www.sulpak.kz/g/smartfoniy-apple-iphone-air-256gb-space-black-mg2l4hxa
Смартфон OPPO A5i 4/128GB Nebula Red,89990.0,89990.0,,,https://www.sulpak.kz/g/smartfoniy-oppo-a5i-4128gb-nebula-red
Смартфон Samsung Galaxy A07 6/128GB Light Green SM-A075FZGHSKZ,74890.0,74890.0,,,https://www.sulpak.kz/g/smartfoniy-samsung-galaxy-a07-6128gb-light-green-sm-a075fzghskz
Смартфон Apple iPhone 15 Pro Max 8/256GB Blue Titanium,709990.0,709990.0,,,https://www.sulpak.kz/g/smartfoniy_apple_15_pro_max_256gb_blue_titanium
Смартфон Samsung Galaxy A17 128GB Gray SM-A175FZACSKZ Galaxy A17 128GB Gray SM-A175FZACSKZ,109890.0,109890.0,,,https://www.sulpak.kz/g/smartfoniy-samsung-galaxy-a17-128gb-gray-sm-a175fzacskz
Смартфоны VIVO Y04 4/256GB Titanium Glow,84990.0,84990.0,,,https://www.sulpak.kz/g/smartfoniy-vivo-y04-4256gb-titanium-glow
Смартфон Honor X6c 6/128GB Midnight Black,74990.0,74990.0,,,https://www.sulpak.kz/g/smartfoniy-honor-x6c-6128gb-midnight-black
Смартфоны VIVO Y19s Pro 6/256GB Pearl Silver,99990.0,99990.0,,,https://www.sulpak.kz/g/smartfoniy-vivo-y19s-6256gb-pearl-silver
Смартфон Apple iPhone 16 8/256GB Black,609990.0,609990.0,,,https://www.sulpak.kz/g/smartfoniy-apple-iphone-16-256gb-black-myee3hxa
Смартфон Samsung Galaxy A07 6/128GB Lavender SM-A075FLVHSKZ,74890.0,74890.0,,,https://www.sulpak.kz/g/smartfoniy-samsung-galaxy-a07-6128gb-lavender-sm-a075flvhskz
Смартфон Apple iPhone 16 Pro Max 8/512GB Desert Titanium,999990.0,999990.0,,,https://www.sulpak.kz/g/smartfoniy-apple-iphone-16-pro-max-512gb-desert-titanium-myx23hxa
Смартфон Samsung Galaxy A36 5G 256GB White (SM-A366EZAGSKZ),189890.0,189890.0,,,https://www.sulpak.kz/g/smartfoniy-samsung-galaxy-a36-5g-256gb-white-sm-a366ezagskz
Смартфон Honor 400 Pro 12/512GB Lunar Grey,399990.0,399990.0,,,https://www.sulpak.kz/g/smartfoniy-honor-400-pro-12512gb-lunar-grey
Смартфон Samsung Galaxy A26 5G 6/128GB White,134890.0,134890.0,,,https://www.sulpak.kz/g/smartfoniy-samsung-galaxy-a26-5g-128gb-white-sm-a266bzwdskz
Смартфон Apple iPhone 16 Pro 8/512GB Black Titanium,924990.0,924990.0,,,https://www.sulpak.kz/g/smartfoniy-apple-iphone-16-pro-512gb-black-titanium-mynm3hxa
Смартфон Realme Note 60 4/256GB Black,64990.0,64990.0,,,https://www.sulpak.kz/g/smartfoniy-realme-note-60-4256-gb-black
Смартфон Honor X7d 8/256GB Velvet Black,119990.0,119990.0,,,https://www.sulpak.kz/g/smartfoniy-honor-x7d-8256gb-velvet-black
Смартфон Xiaomi 12 Pro 12/256GB Blue,179990.0,179990.0,,,https://www.sulpak.kz/g/smartfoniy_xiaomi_12_pro_12256gb_blue
Смартфон Huawei Nova 13i 8/256G White,99890.0,99890.0,,,https://www.sulpak.kz/g/smartfoniy-huawei-nova-13i-8256g-white
Смартфон Samsung Galaxy S25 12/128GB Silver Shadow,369890.0,369890.0,,,https://www.sulpak.kz/g/smartfoniy-samsung-galaxy-s25-12128gb-silver-shadow
Смартфон Honor 200 Lite 8/256GB Midnight Black,149990.0,149990.0,,,https://www.sulpak.kz/g/smartfoniy_honor_200_lite_8256gb_midnight_black
Смартфон Samsung Galaxy A26 5G 8/256GB White,154890.0,154890.0,,,https://www.sulpak.kz/g/smartfoniy-samsung-galaxy-a26-5g-256gb-white-sm-a266bzwhskz
Смартфон Honor 400 12/512GB Midnight Black,289990.0,289990.0,,,https://www.sulpak.kz/g/smartfoniy-honor-400-12512gb-midnight-black
Смартфон Motorola G75 8/256GB Charcoal Grey,149990.0,149990.0,,,https://www.sulpak.kz/g/smartfoniy-motorola-g75-8256-charcoal-grey
Смартфон Apple iPhone 13 Pro 6/256GB Gold,379990.0,379990.0,,,https://www.sulpak.kz/g/smartfon_apple_iphone_13_pro_256gb_gold_mlw73rka
Смартфон Motorola G05 4/256 Denim Blue,87990.0,87990.0,,,https://www.sulpak.kz/g/smartfoniy-motorola-g05-4256-denim-blue
Смартфон Huawei Nova Y73 8/128GB Black,84890.0,84890.0,,,https://www.sulpak.kz/g/smartfoniy-huawei-nova-y73-8128gb-black
Смартфон Apple iPhone 14 6/128GB Starlight,382990.0,382990.0,,,https://www.sulpak.kz/g/smartfoniy_apple_iphone_14_128gb_starlight_mpuu3rua
Смартфон Samsung Galaxy S24 8/128GB Marble Gray,329890.0,329890.0,,,https://www.sulpak.kz/g/smartfoniy_samsung_galaxy_s24_128gb_marble_gray_sm_s921bzadskz
Смартфон Honor X7c 8/256GB Midnight Black,104990.0,104990.0,,,https://www.sulpak.kz/g/smartfoniy-honor-honor-x7c-8-256-midnight-black
Смартфон OPPO Reno12F 8/512GB Matte Grey,174990.0,174990.0,,,https://www.sulpak.kz/g/smartfoniy-oppo-reno12f-8512gb-matte-grey
Смартфон Samsung Galaxy A17 6/256GB Black SM-A175FZKOSKZ,129890.0,129890.0,,,https://www.sulpak.kz/g/smartfoniy-samsung-galaxy-a17-6256gb-black-sm-a175fzkoskz
Смартфон Huawei Nova 13 12/256GB Black,179890.0,179890.0,,,https://www.sulpak.kz/g/smartfoniy-huawei-nova-13-12256gb-black
Смартфон Honor X9d 12/256GB Sunrise Gold,229990.0,229990.0,,,https://www.sulpak.kz/g/smartfoniy-honor-x9d-12256gb-sunrise-gold
Смартфон Samsung Galaxy A36 5G 256GB Lavender (SM-A366ELVGSKZ),189890.0,189890.0,,,https://www.sulpak.kz/g/smartfoniy-samsung-galaxy-a36-5g-256gb-lavender-sm-a366elvgskz
Смартфон Samsung Galaxy S24 Ultra 12/256GB Titanium Black,609890.0,609890.0,,,https://www.sulpak.kz/g/smartfoniy_samsung_galaxy_s24_ultra_256gb_titanium_black_sm_s928bzkgskz
Смартфон Apple iPhone 14 6/256GB Midnight,454990.0,454990.0,,,https://www.sulpak.kz/g/smartfoniy_apple_iphone_14_256gb_midnight_mpvy3rua
Смартфон VIVO X300 Pro 16/512GB Brown,769990.0,769990.0,,,https://www.sulpak.kz/g/smartfoniy-vivo-x300-pro-brown
Смартфон Vivo V60 Lite 8/256GB Black,179990.0,179990.0,,,https://www.sulpak.kz/g/smartfoniy-vivo-v60-lite-8256gb-black
Смартфон Samsung Galaxy S25+ 12/512GB Navy,594890.0,594890.0,,,https://www.sulpak.kz/g/smartfoniy-samsung-galaxy-s25-12512gb-navy
Смартфон Realme C71 6/128GB Green,69990.0,69990.0,,,https://www.sulpak.kz/g/smartfoniy-realme-c71-6128gb-green
Смартфон HONOR X5c Plus NLA-LX2P 4GB RAM 128GB ROM Midnight Black X5c Plus 4/128GB Midnight Black,59990.0,59990.0,,,https://www.sulpak.kz/g/smartfoniy-honor-x5c-plus-4128gb-midnight-black
Смартфон Samsung Galaxy A56 5G 8/128GB Lightgray,209890.0,209890.0,,,https://www.sulpak.kz/g/smartfoniy-samsung-galaxy-a56-5g-128gb-lightgray-sm-a566ezaaskz
Смартфон Apple iPhone 15 Pro Max 8/512GB Natural Titanium,749990.0,749990.0,,,https://www.sulpak.kz/g/smartfoniy_apple_15_pro_max_512gb_natural_titanium
Смартфон Motorola Edge 60 Fusion 12/256Gb Slipstream,199990.0,199990.0,,,https://www.sulpak.kz/g/smartfoniy-motorola-edge-60-fusion-12256-slipstream
Смартфон Realme Note 60 4/128GB Black,50390.0,50390.0,,,https://www.sulpak.kz/g/smartfoniy-realme-note-60-4128gb-black
Смартфон Apple iPhone 15 6/256GB Blue,504990.0,504990.0,,,https://www.sulpak.kz/g/smartfoniy_apple_15_256gb_blue
Смартфон OPPO A6 Pro 8/256GB Stellar Blue,199990.0,199990.0,,,https://www.sulpak.kz/g/smartfoniy-oppo-a6-pro-8256gb-stellar-blue
Смартфон Huawei Nova Y63 4/128G Black,74890.0,74890.0,,,https://www.sulpak.kz/g/smartfoniy-huawei-nova-y63-4128g-black
Смартфон Honor X9c 8/256 Titanium Black,199990.0,199990.0,,,https://www.sulpak.kz/g/smartfoniy-honor-honor-x9c-8256-titanium-black
Смартфон Apple iPhone 11 4/128GB Black Slim Box,269990.0,269990.0,,,https://www.sulpak.kz/g/smartfon_apple_iphone_11_128gb_slim_box_black_77_2729
Смартфон Samsung Galaxy A36 5G 128GB White (SM-A366EZADSKZ),169890.0,169890.0,,,https://www.sulpak.kz/g/smartfoniy-samsung-galaxy-a36-5g-128gb-white-sm-a366ezadskz
Смартфон Apple iPhone 15 6/128GB Pink,424990.0,424990.0,,,https://www.sulpak.kz/g/smartfoniy_apple_15_128gb_pink
Смартфон Honor 400 Pro 12/512GB Midnight Black,399990.0,399990.0,,,https://www.sulpak.kz/g/smartfoniy-honor-400-pro-12512gb-midnight-black
Смартфон Apple iPhone XR 128GB (PRODUCT) RED,109990.0,109990.0,,,https://www.sulpak.kz/g/smartfon_apple_iphone_xr_128gb_product_red
Смартфон OPPO A5 8/256GB Aurora Green,129990.0,129990.0,,,https://www.sulpak.kz/g/smartfoniy-oppo-a5-8256gb-aurora-green
Смартфон OPPO Reno13F 8/256GB Graphite Grey,179990.0,179990.0,,,https://www.sulpak.kz/g/smartfoniy-oppo-reno13f-8256gb-graphite-grey
Смартфон Huawei Nova 13i 8/128G White,84890.0,84890.0,,,https://www.sulpak.kz/g/smartfoniy-huawei-nova-13i-8128g-white
Смартфон Vivo X100 16/512GB Startrail Blue,379990.0,379990.0,,,https://www.sulpak.kz/g/smartfoniy_vivo__x100_startrail_blue_16_512
Смартфон Samsung Galaxy Z Fold6 5G 12/256GB Silver (RDU),529890.0,529890.0,,,https://www.sulpak.kz/g/tovariy-ne-dlya-prodazhi-samsung-galaxy-z-fold6-5g-rdu-silver-sm-f956bzs4skz
Смартфон Realme Note 60X 3/64GB Black,44690.0,44690.0,,,https://www.sulpak.kz/g/smartfoniy-realme-note-60x-364gb-black
Смартфон Vivo X200 FE 12/512GB Black,449990.0,449990.0,,,https://www.sulpak.kz/g/smartfoniy-vivo-x200-fe-12512gb-black
Смартфон Samsung Galaxy S24 Ultra 12/512GB Titanium Black,689890.0,689890.0,,,https://www.sulpak.kz/g/smartfoniy_samsung_galaxy_s24_ultra_512gb_titanium_black_sm_s928bzkhskz
Смартфон Honor X6c 6/256GB Midnight Black,84990.0,84990.0,,,https://www.sulpak.kz/g/smartfoniy-honor-x6c-6256gb-midnight-black
Смартфон Realme Note 60 4/256 GB Blue,64990.0,64990.0,,,https://www.sulpak.kz/g/smartfoniy-realme-note-60-4256-gb-blue
Смартфон Huawei Pura 80 Ultra Black,699890.0,699890.0,,,https://www.sulpak.kz/g/smartfoniy-huawei-pura-80-ultra-black
Смартфон Samsung Galaxy S25 12/256GB Icyblue,404890.0,404890.0,,,https://www.sulpak.kz/g/smartfoniy-samsung-galaxy-s25-ultra-12256gb-icyblue
Смартфон Huawei Pura 70 Black,299990.0,299990.0,,,https://www.sulpak.kz/g/smartfoniy_huawei__pura_70_black
Смартфон Huawei Pura 80 Black,349890.0,349890.0,,,https://www.sulpak.kz/g/smartfoniy-huawei-pura-80-black
Смартфон Apple iPhone 15 Pro Max 8/512GB Blue Titanium,749990.0,749990.0,,,https://www.sulpak.kz/g/smartfoniy_apple_15_pro_max_512gb_blue_titanium
Смартфон Apple iPhone SE 4/64GB 2022 Midnight,149990.0,149990.0,,,https://www.sulpak.kz/g/smartfoniy_apple_iphone_se_64gb_midnight_mmxq3rka
Смартфон Apple iPhone 16 Pro 8/512GB White Titanium,924990.0,924990.0,,,https://www.sulpak.kz/g/smartfoniy-apple-iphone-16-pro-512gb-white-titanium-mynn3hxa
Смартфон Samsung Galaxy A07 4/64GB Lavender SM-A075FLVDSKZ,64890.0,64890.0,,,https://www.sulpak.kz/g/smartfoniy-samsung-galaxy-a07-464gb-lavender-sm-a075flvdskz
Смартфон Samsung Galaxy A56 5G 8/256GB Olive,229890.0,229890.0,,,https://www.sulpak.kz/g/smartfoniy-samsung-galaxy-a56-5g-256gb-olive-sm-a566ezgcskz
Смартфоны Vivo V50 Lite 5G 12/256GB Phantom Black,199990.0,199990.0,,,https://www.sulpak.kz/g/smartfoniy-vivo-v50-lite-5g-12256gb-phantom-black
Смартфон Motorola G35 8/256GB Midnight Black,119990.0,119990.0,,,https://www.sulpak.kz/g/smartfoniy-motorola-g35-8256-midnight-black
Смартфон Apple iPhone 11 64GB Black (Demo),169990.0,169990.0,,,https://www.sulpak.kz/g/smartfoniy-apple-iphone-11-64gb-black-demo-3f952
Смартфон Apple iPhone 16 Pro 8/512GB Desert Titanium,924990.0,924990.0,,,https://www.sulpak.kz/g/smartfoniy-apple-iphone-16-pro-512gb-desert-titanium-mynp3hxa
Смартфон Apple iPhone 16 Pro Max 8/512GB Black Titanium,999990.0,999990.0,,,https://www.sulpak.kz/g/smartfoniy-apple-iphone-16-pro-max-512gb-black-titanium-myx03hxa
Смартфон Samsung Galaxy S25 Ultra 12/256GB Titanium Gray,659890.0,659890.0,,,https://www.sulpak.kz/g/smartfoniy-samsung-galaxy-s25-ultra-12256gb-titanium-gray
Смартфон Apple iPhone 15 Pro 8/256GB Black Titanium,624990.0,624990.0,,,https://www.sulpak.kz/g/smartfoniy_apple_15_pro_256gb_black_titanium
Смартфон Motorola E15 2/64 Fresh Lavender,49990.0,49990.0,,,https://www.sulpak.kz/g/smartfoniy-motorola-e15-264-fresh-lavender
Смартфон Apple iPhone 16 Pro 8/256GB Natural Titanium,769990.0,769990.0,,,https://www.sulpak.kz/g/smartfoniy-apple-iphone-16-pro-256gb-natural-titanium-mynl3hxa
Смартфон OPPO A5 8/256GB Mist White,129990.0,129990.0,,,https://www.sulpak.kz/g/smartfoniy-oppo-a5-8256gb-mist-white
Смартфон Motorola G05 4/256 Forest Green,87990.0,87990.0,,,https://www.sulpak.kz/g/smartfoniy-motorola-g05-4256-forest-green
Смартфон OPPO A5i 4/128GB Starry Purple,89990.0,89990.0,,,https://www.sulpak.kz/g/smartfoniy-oppo-a5i-4128gb-starry-purple
Смартфон Samsung Galaxy S25+ 12/256GB Silver Shadow,524890.0,524890.0,,,https://www.sulpak.kz/g/smartfoniy-samsung-galaxy-s25-12256gb-silver-shadow
Смартфон Apple iPhone 16 Pro 8/128GB Desert Titanium,684990.0,684990.0,,,https://www.sulpak.kz/g/smartfoniy-apple-iphone-16-pro-128gb-desert-titanium-mynf3hxa
Смартфон OPPO A5 Pro 8/256GB Mocha Brown,159990.0,159990.0,,,https://www.sulpak.kz/g/smartfoniy-oppo-oppo-a5-pro-mocha-brown
Смартфон Honor X9d 8/256GB Reddish Brown,219990.0,219990.0,,,https://www.sulpak.kz/g/smartfoniy-honor-x9d-8256gb-reddish-brown
Смартфон Apple iPhone Air 12/256GB Sky Blue,764990.0,764990.0,,,https://www.sulpak.kz/g/smartfoniy-apple-iphone-air-256gb-sky-blue-mg2p4hxa
Смартфон Samsung Galaxy A36 5G 128GB Lavender (SM-A366ELVDSKZ),169890.0,169890.0,,,https://www.sulpak.kz/g/smartfoniy-samsung-galaxy-a36-5g-128gb-lavender-sm-a366elvdskz
Смартфон Motorola G05 4/128 Denim Blue,69990.0,69990.0,,,https://www.sulpak.kz/g/smartfoniy-motorola-g05-4128-denim-blue
Смартфон Samsung Galaxy S25 FE 5G 8/128GB Navy,399890.0,399890.0,,,https://www.sulpak.kz/g/smartfoniy-samsung-galaxy-s25-fe-5g-8128gb-navy
Смартфон Realme C71 6/128GB White,69990.0,69990.0,,,https://www.sulpak.kz/g/smartfoniy-realme-c71-6128gb-white
Смартфон Samsung Galaxy A07 4/64GB Light Green SM-A075FZGDSKZ,64890.0,64890.0,,,https://www.sulpak.kz/g/smartfoniy-samsung-galaxy-a07-464gb-light-green-sm-a075fzgdskz
Смартфон Motorola E15 2/64 Denim Blue,49990.0,49990.0,,,https://www.sulpak.kz/g/smartfoniy-motorola-e15-264-denim-blue
Смартфон Honor 400 12/512GB Desert Gold,289990.0,289990.0,,,https://www.sulpak.kz/g/smartfoniy-honor-400-12512gb-desert-gold
Смартфон HONOR X9c Smart BRC-NX1 8GB RAM 256GB ROM Midnight Black X9с Smart 8/256 Midnight Black,154990.0,154990.0,,,https://www.sulpak.kz/g/smartfoniy-honor-honor-x9s-smart-8256-midnight-black
Смартфон Honor 400 8/256GB Desert Gold,249990.0,249990.0,,,https://www.sulpak.kz/g/smartfoniy-honor-400-8256gb-desert-gold
Смартфон Huawei Mate XT Black,1499890.0,1499890.0,,,https://www.sulpak.kz/g/smartfoniy-huawei-mate-xt-black
Смартфон Samsung Galaxy A26 5G 8/256GB Mint,154890.0,154890.0,,,https://www.sulpak.kz/g/smartfoniy-samsung-galaxy-a26-5g-256gb-mint-sm-a266blghskz
Смартфон Vivo X200 Pro 16/512GB Black,649990.0,649990.0,,,https://www.sulpak.kz/g/smartfoniy-vivo-x200-pro-16512gb-black
Смартфон Motorola G56 12/256GB Black Oyster,149990.0,149990.0,,,https://www.sulpak.kz/g/smartfoniy-motorola-g56-12256gb-black-oyster
Смартфон Motorola G35 8/256GB Leaf Green,119990.0,119990.0,,,https://www.sulpak.kz/g/smartfoniy-motorola-g35-8256-leaf-green
Смартфон Apple iPhone 16 Pro Max 8/512GB Natural Titanium,999990.0,999990.0,,,https://www.sulpak.kz/g/smartfoniy-apple-iphone-16-pro-max-512gb-natural-titanium-myx33hxa
Смартфон Apple iPhone 16 Pro 8/256GB Desert Titanium,769990.0,769990.0,,,https://www.sulpak.kz/g/smartfoniy-apple-iphone-16-pro-256gb-desert-titanium-mynk3hxa
Смартфон Honor X9с 12/256 Titanium Black,209990.0,209990.0,,,https://www.sulpak.kz/g/smartfoniy-honor-honor-x9s-12256-titanium-black
Смартфон Honor 400 Lite 8/256GB Marrs Green,169990.0,169990.0,,,https://www.sulpak.kz/g/smartfoniy-honor-400-lite-8-256-marrs-green
Смартфоны Vivo Y04 4/64GB Malachite black,64990.0,64990.0,,,https://www.sulpak.kz/g/smartfoniy-vivo-y04-464gb-malachite-black
Смартфон Apple iPhone 16 8/128GB Ultramarine,534990.0,534990.0,,,https://www.sulpak.kz/g/smartfoniy-apple-iphone-16-128gb-ultramarine
Смартфон Samsung Galaxy A16 128GB black SM-A165FZKGSKZ,84890.0,84890.0,,,https://www.sulpak.kz/g/smartfoniy-samsung-galaxy-a16-128gb-black-sm-a165fzkgskz
Смартфон Samsung Galaxy S25 12/256GB Mint,404890.0,404890.0,,,https://www.sulpak.kz/g/smartfoniy-samsung-galaxy-s25-ultra-12256gb-mint
Смартфон OPPO A5 Pro 8/128GB Mocha Brown,139990.0,139990.0,,,https://www.sulpak.kz/g/smartfoniy-oppo-oppo-a5-pro-8128gb-mocha-brown
Смартфон Samsung Galaxy A17 6/256GB Gray SM-A175FZAOSKZ,129890.0,129890.0,,,https://www.sulpak.kz/g/smartfoniy-samsung-galaxy-a17-256gb-gray-sm-a175fzaoskz
Смартфон Huawei Nova Y73 8/256GB Black,99890.0,99890.0,,,https://www.sulpak.kz/g/smartfoniy-huawei-nova-y73-8256gb-black
Смартфон Samsung Galaxy A06 4/64GB Black,54890.0,54890.0,,,https://www.sulpak.kz/g/smartfoniy-samsung-galaxy-a06-464gb-black
Смартфон OPPO A5 6/128GB Aurora Green,99990.0,99990.0,,,https://www.sulpak.kz/g/smartfoniy-oppo-a5-6128gb-aurora-green
Смартфон Apple iPhone 16 8/256GB Ultramarine,609990.0,609990.0,,,https://www.sulpak.kz/g/smartfoniy-apple-iphone-16-256gb-ultramarine-myeh3hxa
Смартфон Vivo X300 16/512GB Black,649990.0,649990.0,,,https://www.sulpak.kz/g/smartfoniy-vivo-x300-black
Смартфон Samsung Galaxy A17 128GB Light Blue SM-A175FLBCSKZ,109890.0,109890.0,,,https://www.sulpak.kz/g/smartfoniy-samsung-galaxy-a17-128gb-light-blue-sm-a175flbcskz
Смартфон Honor 400 8/256GB Meteor Silver,249990.0,249990.0,,,https://www.sulpak.kz/g/smartfoniy-honor-400-8256gb-meteor-silver
Смартфон Motorola G15 8/256 Gravity Grey,99990.0,99990.0,,,https://www.sulpak.kz/g/smartfoniy-motorola-g15-8256-gravity-grey
Смартфон Samsung Galaxy A16 128GB light green SM-A165FLGGSKZ,84890.0,84890.0,,,https://www.sulpak.kz/g/smartfoniy-samsung-galaxy-a16-128gb-light-green-sm-a165flggskz-77-6973
Смартфон Samsung Galaxy A26 5G 6/128GB Mint,134890.0,134890.0,,,https://www.sulpak.kz/g/smartfoniy-samsung-galaxy-a26-5g-128gb-mint-sm-a266blgdskz
Смартфон Apple iPhone 11 4/128GB White Slim Box,269990.0,269990.0,,,https://www.sulpak.kz/g/smartfon_apple_iphone_11_128gb_slim_box_white_77_2732
Смартфон Apple iPhone 15 Pro Max 8/256GB White Titanium,709990.0,709990.0,,,https://www.sulpak.kz/g/smartfoniy_apple_15_pro_max_256gb_white_titanium
Смартфон Apple iPhone 13 Pro Max 6/256GB Sierra Blue,449990.0,449990.0,,,https://www.sulpak.kz/g/smartfon_apple_iphone13promax_256gb_sierra_blue_mlmj3rka
Смартфон Vivo V60 Lite 5G 12/256GB Black,229990.0,229990.0,,,https://www.sulpak.kz/g/smartfoniy-vivo-v60lite-5g-12256gb-black
Смартфон Realme C71 8/256GB White,84990.0,84990.0,,,https://www.sulpak.kz/g/smartfoniy-realme-c71-8256gb-white
Смартфон Honor X5c Plus 4/128GB Meteor Silver,59990.0,59990.0,,,https://www.sulpak.kz/g/smartfoniy-honor-x5c-plus-4128gb-meteor-silver
Смартфон Motorola G86 Power 8/512GB Spellbound,189990.0,189990.0,,,https://www.sulpak.kz/g/smartfoniy-motorola-g86-power-8512gb-spellbound
Смартфон Samsung Galaxy A56 5G 8/128GB Olive,209890.0,209890.0,,,https://www.sulpak.kz/g/smartfoniy-samsung-galaxy-a56-5g-128gb-olive-sm-a566ezgaskz
Смартфон OPPO Reno14F 5G 12/512GB Luminous Green,279990.0,279990.0,,,https://www.sulpak.kz/g/smartfoniy-oppo-reno14f-5g-12512gb-luminous-green
Смартфон Realme 14T 5G 8/256GB Lightning Purple,134990.0,134990.0,,,https://www.sulpak.kz/g/smartfoniy-realme-14t-5g-8256-gb-blue
Смартфон Honor X9d 8/256GB Sunrise Gold,219990.0,219990.0,,,https://www.sulpak.kz/g/smartfoniy-honor-x9d-8256gb-sunrise-gold
Смартфон Motorola Edge 60 12/512 Gibraltar sea,249990.0,249990.0,,,https://www.sulpak.kz/g/smartfoniy-motorola-edge-60-12512-gibraltar-sea
Смартфон Huawei Nova Y63 4/128G Silver,74890.0,74890.0,,,https://www.sulpak.kz/g/smartfoniy-huawei-nova-y63-4128g-silver
Смартфон Honor X7c 6/128GB Midnight Black,69990.0,69990.0,,,https://www.sulpak.kz/g/smartfoniy-honor-honor-x7s-6-128-midnight-black
Смартфон Apple iPhone 14 6/128GB Blue,382990.0,382990.0,,,https://www.sulpak.kz/g/smartfoniy_apple_iphone_14_128gb_blue_mpvq3rua
Смартфон Realme C75 8/128GB Black,81490.0,81490.0,,,https://www.sulpak.kz/g/smartfoniy-realme-c75-8128gb-black
Смартфон Samsung Galaxy A35 5G 8/256GB Navy,149890.0,149890.0,,,https://www.sulpak.kz/g/smartfoniy_samsung_galaxy_a35_5g_256gbnavy_sm_a356ezkgskz
Смартфон HONOR X5c Plus NLA-LX2P 4GB RAM 128GB ROM Ocean Cyan X5c Plus 4/128GB Ocean Cyan,59990.0,59990.0,,,https://www.sulpak.kz/g/smartfoniy-honor-x5c-plus-4128gb-ocean-cyan
Смартфон OPPO A5 6/128GB Mist White,99990.0,99990.0,,,https://www.sulpak.kz/g/smartfoniy-oppo-a5-6128gb-mist-white
Смартфон Huawei Nova 13 Pro 12/512GB Black,220890.0,220890.0,,,https://www.sulpak.kz/g/smartfoniy-huawei-nova-13-pro-black
Смартфон Vivo Y21d 6/256GB Black,124990.0,124990.0,,,https://www.sulpak.kz/g/smartfoniy-vivo-y21d-6256gb-black
Смартфон VIVO X300 Pro 16/512GB Black,769990.0,769990.0,,,https://www.sulpak.kz/g/smartfoniy-vivo-x300-pro-black
Смартфон ZTE Blade V50 5G 8\256GB Black,109990.0,109990.0,,,https://www.sulpak.kz/g/smartfoniy_zte_blade_v50_5g_8256gb_black
Смартфон Honor X7d 6/128GB Velvet Black,99990.0,99990.0,,,https://www.sulpak.kz/g/smartfoniy-honor-honor-x7d-6128gb-velvet-black
Смартфон Apple iPhone 15 Pro 8/256GB Blue Titanium,624990.0,624990.0,,,https://www.sulpak.kz/g/smartfoniy_apple_15_pro_256gb_blue_titanium
Смартфон Apple iPhone 12 Pro 6/256GB Graphite Refurbished GRADE B,279990.0,279990.0,,,https://www.sulpak.kz/g/smartfoniy-apple-iphone-12-pro-6256gb-graphite-vosstanovlenniyj
Смартфон Samsung Galaxy S25 FE 5G 8/256GB Navy,434890.0,434890.0,,,https://www.sulpak.kz/g/smartfoniy-samsung-galaxy-s25-fe-5g-8256gb-navy
Смартфон OPPO A6 Pro 8/256GB Lunar Titanium,199990.0,199990.0,,,https://www.sulpak.kz/g/smartfoniy-oppo-a6-pro-8256gb-lunar-titanium
Смартфон Samsung Galaxy S25 Ultra 12/512GB Titanium Gray,729890.0,729890.0,,,https://www.sulpak.kz/g/smartfoniy-samsung-galaxy-s25-ultra-12512gb-titanium-gray-sm-s938bztcskz
Смартфон Vivo Y29 8/128GB Brown,119990.0,119990.0,,,https://www.sulpak.kz/g/smartfoniy-vivo-y29-8256gb-brown-77-6901
Смартфон Apple iPhone 16 Pro Max 8/1TB Black Titanium,1159990.0,1159990.0,,,https://www.sulpak.kz/g/smartfoniy-apple-iphone-16-pro-max-1tb-black-titanium-myx43hxa
Смартфон OPPO Reno14F 5G 8/256GB Opal Blue,249990.0,249990.0,,,https://www.sulpak.kz/g/smartfoniy-oppo-reno14f-5g-8256gb-opal-blue
Смартфон Apple iPhone 13 4/128GB Blue,319990.0,319990.0,,,https://www.sulpak.kz/g/smartfon_apple_iphone_13_128gb_blue_mlp13rka
Смартфон Samsung Galaxy A55 5G 8/128GB Iceblue,169890.0,169890.0,,,https://www.sulpak.kz/g/smartfoniy_samsung__galaxy_a55_5g_128gb_iceblue_sm_a556elbaskz
Смартфон Samsung Galaxy S25 FE 5G 8/256GB Jetblack,434890.0,434890.0,,,https://www.sulpak.kz/g/smartfoniy-samsung-galaxy-s25-fe-5g-8256gb-jetblack
Смартфон Apple iPhone 15 Pro 8/256GB White Titanium,624990.0,624990.0,,,https://www.sulpak.kz/g/smartfoniy_apple_15_pro_256gb_white_titanium
Смартфон Xiaomi Redmi Note 13 4G 8/128GB Mint Green,84990.0,84990.0,,,https://www.sulpak.kz/g/smartfoniy_xiaomi_redmi_note_13_8128_mint_green
Смартфон Apple iPhone 16e 8/128GB Black,474990.0,474990.0,,,https://www.sulpak.kz/g/smartfoniy-apple-iphone-16e-128gb-black-md1q4hxa
Смартфон Realme C71 8/256GB Green,84990.0,84990.0,,,https://www.sulpak.kz/g/smartfoniy-realme-c71-8256gb-green
Смартфон Huawei Nova 13i 8/256G Blue,99890.0,99890.0,,,https://www.sulpak.kz/g/smartfoniy-huawei-nova-13i-8256g-blue
Смартфон Apple iPhone 15 Pro 8/128GB Black Titanium,534990.0,534990.0,,,https://www.sulpak.kz/g/smartfoniy_apple_15_pro_128gb_black_titanium
Смартфон OPPO Reno12F 8/512GB Amber Orange,174990.0,174990.0,,,https://www.sulpak.kz/g/smartfoniy-oppo-reno12f-8512gb-amber-orange
Смартфон Apple iPhone SE 4/64GB 2022 Starlight,149990.0,149990.0,,,https://www.sulpak.kz/g/smartfoniy_apple_iphone_se_64gb_starlight_mmxr3rka
Смартфон Samsung Galaxy S25 Ultra 12/256GB Titanium Silverblue,659890.0,659890.0,,,https://www.sulpak.kz/g/smartfoniy-samsung-galaxy-s25-ultra-12256gb-titanium-silverblue
Смартфоны Vivo V50 Lite 5G 12/256GB Titanium Gold,199990.0,199990.0,,,https://www.sulpak.kz/g/smartfoniy-vivo-v50-lite-5g-12256gb-titanium-gold
Смартфон Apple iPhone 16 Pro 8/512GB Natural Titanium,924990.0,924990.0,,,https://www.sulpak.kz/g/smartfoniy-apple-iphone-16-pro-512gb-natural-titanium-mynq3hxa
Смартфон Honor Magic 7 Pro 12/512GB Black,699990.0,699990.0,,,https://www.sulpak.kz/g/smartfoniy-honor-honor-magic-7-pro-12-512-grafitoviyj-cherniyj
Смартфон Samsung Galaxy S24 Ultra 12/512GB Titanium Gray,689890.0,689890.0,,,https://www.sulpak.kz/g/smartfoniy_samsung_galaxy_s24_ultra_512gb_titanium_gray_sm_s928bzthskz
Смартфон Honor X5b 4/64GB Midnight Black,34990.0,34990.0,,,https://www.sulpak.kz/g/smartfoniy-honor-honor-x5b-464-midnight-black
Смартфон Honor X7d 8/256GB Desert Gold,119990.0,119990.0,,,https://www.sulpak.kz/g/smartfoniy-honor-x7d-8256gb-desert-gold
Смартфон Honor X7d 8/256GB Meteor Silver,119990.0,119990.0,,,https://www.sulpak.kz/g/smartfoniy-honor-x7d-8256gb-meteor-silver
Смартфон Apple iPhone SE 64GB Midnight (Demo),129990.0,129990.0,,,https://www.sulpak.kz/g/smartfoniy_apple_iphone_se_64gb_midnight_demo_3k426rua
Смартфон Honor X6c 6/128GB Ocean Cyan,74990.0,74990.0,,,https://www.sulpak.kz/g/smartfoniy-honor-x6c-6128gb-ocean-cyan
Смартфон Honor 200 8/256GB Black,209990.0,209990.0,,,https://www.sulpak.kz/g/smartfoniy-honor-200-8256-black
Смартфон Vivo V29 12/256GB Noble Black,189990.0,189990.0,,,https://www.sulpak.kz/g/smartfoniy_vivo_v29_noble_black_12_256
Смартфон Samsung Galaxy A06 6/128GB Light Blue,69890.0,69890.0,,,https://www.sulpak.kz/g/smartfoniy-samsung-galaxy-a06-6128gb-light-blue
Смартфон Apple iPhone 13 Pro Max 6/256GB Graphite,449990.0,449990.0,,,https://www.sulpak.kz/g/smartfon_apple_iphone13promax_256gb_graphite_mlma3rka
Смартфон Apple iPhone 15 Pro Max 8/256GB Black Titanium,709990.0,709990.0,,,https://www.sulpak.kz/g/smartfoniy_apple_15_pro_max_256gb_black_titanium
Смартфон Apple iPhone 12 4/256 GB Black Refurbished GRADE A+,209990.0,209990.0,,,https://www.sulpak.kz/g/smartfoniy-apple-iphone-12-256-gb-black-ref-grade-a-
Смартфон Motorola G15 8/256 Iguana Green,99990.0,99990.0,,,https://www.sulpak.kz/g/smartfoniy-motorola-g15-8256-iguana-green
Смартфон Apple iPhone 16 8/128GB Pink,534990.0,534990.0,,,https://www.sulpak.kz/g/smartfoniy-apple-iphone-16-128gb-pink-myea3hxa
Смартфон Honor x7c 6/128GB Forest Green,69990.0,69990.0,,,https://www.sulpak.kz/g/smartfoniy-honor-honor-x7c-6-128-forest-green
Смартфон Honor X6b 6/256 Forest Green,64990.0,64990.0,,,https://www.sulpak.kz/g/smartfoniy-honor-x6b-6256-forest-green
Смартфон Samsung Galaxy A25 5G 6/128GB Light Blue,114890.0,114890.0,,,https://www.sulpak.kz/g/smartfoniy_samsung_galaxy_a25_5g_6128gb_light_blue_sm_a256elbdskz
Смартфон Vivo Y29 8/128GB White,119990.0,119990.0,,,https://www.sulpak.kz/g/smartfoniy-vivo-y29-8256gb-white-77-6902
Смартфон Honor 90 12/512GB Emerald Green,129990.0,129990.0,,,https://www.sulpak.kz/g/smartfoniy_honor__90_12512gb_emerald_green
Смартфон Samsung Galaxy Z Flip6 5G 12/256GB Silver (SM-F741BZSGSKZ),499890.0,499890.0,,,https://www.sulpak.kz/g/smartfoniy-samsung-galaxy-z-flip6-5g-12256gb-silver-sm-f741bzsgskz
Смартфон Apple iPhone 15 6/256GB Pink,504990.0,504990.0,,,https://www.sulpak.kz/g/smartfoniy_apple_15_256gb_pink
Смартфон Apple iPhone 14 6/256GB Starlight,454990.0,454990.0,,,https://www.sulpak.kz/g/smartfoniy_apple_iphone_14_256gb_starlight_mpw53rua
Смартфон Apple iPhone 15 Pro 8/128GB Blue Titanium,534990.0,534990.0,,,https://www.sulpak.kz/g/smartfoniy_apple_15_pro_128gb_blue_titanium
Смартфон OPPO Reno13 Pro 5G 12/512GB Graphite Grey,399990.0,399990.0,,,https://www.sulpak.kz/g/smartfoniy-oppo-reno13-pro-5g-12512gb-graphite-grey
Смартфон Samsung Galaxy S25 Ultra 12/512GB Titanium Silverblue,729890.0,729890.0,,,https://www.sulpak.kz/g/smartfoniy-samsung-galaxy-s25-ultra-12512gb-titanium-silverblue
Смартфон Vivo V60 Lite 5G 12/512GB Blue,249990.0,249990.0,,,https://www.sulpak.kz/g/smartfoniy-vivo-v60lite-5g-12512gb-blue
Смартфон Realme C75 8/256GB Black,91590.0,91590.0,,,https://www.sulpak.kz/g/smartfoniy-realme-c75-8256gb-black
Смартфон Apple iPhone SE 4/128GB 2022 Midnight,199990.0,199990.0,,,https://www.sulpak.kz/g/smartfoniy_apple_iphone_se_128gb_midnight_mmxu3rka
Смартфон Apple iPhone 11 Pro 64GB Space Grey,269990.0,269990.0,,,https://www.sulpak.kz/g/smartfon_apple_iphone_11_pro_64gb_space_grey_mwc22_77_2141
Смартфон Huawei Pura 80 Pro Black,469890.0,469890.0,,,https://www.sulpak.kz/g/smartfoniy-huawei-pura-80-pro-black
Смартфон Apple iPhone 14 Pro Max 6/1TB Deep Purple,649990.0,649990.0,,,https://www.sulpak.kz/g/smartfoniy_apple_iphone_14_pro_max_1tb_deep_purple_mqcn3rua
Смартфон Samsung Galaxy S25+ 12/256GB Navy,524890.0,524890.0,,,https://www.sulpak.kz/g/smartfoniy-samsung-galaxy-s25-12256gb-navy
Смартфон Apple iPhone 15 Pro Max 8/512GB Black Titanium,749990.0,749990.0,,,https://www.sulpak.kz/g/smartfoniy_apple_15_pro_max_512gb_black_titanium
Смартфон Apple iPhone 12 4/64 GB Red Refurbished GRADE A+,167990.0,167990.0,,,https://www.sulpak.kz/g/smartfoniy-apple-iphone-12-64-gb-red-ref-grade-a-
Смартфон OPPO A5 Pro 8/128GB Olive Green,139990.0,139990.0,,,https://www.sulpak.kz/g/smartfoniy-oppo-oppo-a5-pro-8128gb-olive-green
Смартфон Huawei Nova Y73 8/128GB Blue,84890.0,84890.0,,,https://www.sulpak.kz/g/smartfoniy-huawei-nova-y73-8128gb-blue
Смартфоны Vivo V60 12/512GB Mist Gray,359990.0,359990.0,,,https://www.sulpak.kz/g/smartfoniy-vivo-v60-12512gb-mist-gray
Смартфон Apple iPhone SE 3/64GB 2020 (PRODUCT)RED Slim Box,149990.0,149990.0,,,https://www.sulpak.kz/g/smartfon_apple_iphone_se_64gb_2020_productred_slim_box_77_2745
Смартфон Motorola E14 2/64 Graphite Grey,39990.0,39990.0,,,https://www.sulpak.kz/g/smartfoniy-motorola-e14-264-graphite-grey
Смартфон Samsung Galaxy Z Fold7 5G 12/512GB Jet Black,1161890.0,1161890.0,,,https://www.sulpak.kz/g/smartfoniy-samsung-galaxy-z-fold7-5g-512gb-sm-f966bzkcskz-jet-black
Смартфон Motorola G75 8/256GB Aqua Blue,149990.0,149990.0,,,https://www.sulpak.kz/g/smartfoniy-motorola-g75-8256-aqua-blue
Смартфон Realme Note 60X 3/64GB Green,44690.0,44690.0,,,https://www.sulpak.kz/g/smartfoniy-realme-note-60x-364gb-green
Смартфон Samsung Galaxy S25 Ultra 12/256GB Titanium Whitesilver,659890.0,659890.0,,,https://www.sulpak.kz/g/smartfoniy-samsung-galaxy-s25-ultra-12256gb-titanium-whitesilver
Смартфоны Vivo X200 16/512GB Green,499990.0,499990.0,,,https://www.sulpak.kz/g/smartfoniy-vivo-x200-16512gb-green
Смартфоны Vivo Y04 4/64GB Titanium Glow,64990.0,64990.0,,,https://www.sulpak.kz/g/smartfoniy-vivo-y04-464gb-titanium-glow
Смартфон Apple iPhone 11 64GB (PRODUCT) RED (Demo),169990.0,169990.0,,,https://www.sulpak.kz/g/smartfon_apple_iphone_11_64gb_productred_demo_3f954_77_2125
Смартфон Huawei Nova 14 12/256GB Black,219890.0,219890.0,,,https://www.sulpak.kz/g/smartfoniy-huawei-nova-14-12256gb-black
Смартфон Huawei Nova Y73 8/256GB Blue,99890.0,99890.0,,,https://www.sulpak.kz/g/smartfoniy-huawei-nova-y73-8256gb-blue
Смартфон Huawei Pura 70 Ultra 16/512GB Brown,599890.0,599890.0,,,https://www.sulpak.kz/g/smartfoniy_huawei__pura_70_ultra_brown
Смартфон Apple iPhone 16 8/256GB Teal,609990.0,609990.0,,,https://www.sulpak.kz/g/smartfoniy-apple-iphone-16-256gb-teal-myej3hxa
Смартфон Samsung Galaxy A06 6/128GB Black,69890.0,69890.0,,,https://www.sulpak.kz/g/smartfoniy-samsung-galaxy-a06-6128g-black
Смартфон VIVO V60 Lite 5G 12/512GB Black,249990.0,249990.0,,,https://www.sulpak.kz/g/smartfoniy-vivo-v60lite-5g-12512gb-black
Смартфон Huawei Pura 70 White,299990.0,299990.0,,,https://www.sulpak.kz/g/smartfoniy_huawei__pura_70_white
Смартфон Honor X6c 6/256GB Ocean Cyan,84990.0,84990.0,,,https://www.sulpak.kz/g/smartfoniy-honor-x6c-6256gb-ocean-cyan
Смартфон Honor X8с 8/128 Midnight Black,134990.0,134990.0,,,https://www.sulpak.kz/g/smartfoniy-honor-x8s-8128-midnight-black
Смартфон Apple iPhone 13 Pro Max 6/256GB Alpine Green,449990.0,449990.0,,,https://www.sulpak.kz/g/smartfoniy_apple_iphone_13_pro_max_256gb_alpine_green_mnd43rka
Смартфон Vivo Y100 8/256GB Breeze Green,99990.0,99990.0,,,https://www.sulpak.kz/g/smartfoniy_vivo__y100_breeze_green_8_256
Смартфон Motorola G05 4/128 Forest Green,69990.0,69990.0,,,https://www.sulpak.kz/g/smartfoniy-motorola-g05-4128-forest-green
Смартфон Vivo V60 Lite 8/128GB Black,164990.0,164990.0,,,https://www.sulpak.kz/g/smartfoniy-vivo-v60lite-8128gb-black
Смартфон Huawei Nova 13 12/256GB White,179890.0,179890.0,,,https://www.sulpak.kz/g/smartfoniy-huawei-nova-13-12256gb-white
Смартфон Motorola Edge 50 Pro 12/512 Black Beauty,279990.0,279990.0,,,https://www.sulpak.kz/g/smartfoniy_motorola__edge_50_pro_12512_black_beauty
Смартфон Samsung Galaxy S24 FE 5G 8/128GB Gray,249890.0,249890.0,,,https://www.sulpak.kz/g/smartfoniy-samsung-galaxy-s24-fe-5g-128gb-gray
Смартфон OPPO Reno14F 5G 12/512GB Opal Blue,279990.0,279990.0,,,https://www.sulpak.kz/g/smartfoniy-oppo-reno14f-5g-12512gb-opal-blue
Смартфон Tecno Spark 30C 4/128GB Orbit Black,57990.0,57990.0,,,https://www.sulpak.kz/g/smartfoniy-tecno-spark-30c-4128gb-orbit-black
Смартфон Apple iPhone 16 8/256GB Pink,609990.0,609990.0,,,https://www.sulpak.kz/g/smartfoniy-apple-iphone-16-256gb-pink-myeg3hxa
Смартфон Apple iPhone Air 12/256GB Light Gold,764990.0,764990.0,,,https://www.sulpak.kz/g/smartfoniy-apple-iphone-air-256gb-light-gold-mg2n4hxa
Смартфон OPPO Reno13F 8/512GB Graphite Grey,229990.0,229990.0,,,https://www.sulpak.kz/g/smartfoniy-oppo-reno13f-8512gb-graphite-grey
Смартфон Samsung Galaxy S25 FE 5G 8/128GB Jetblack,399890.0,399890.0,,,https://www.sulpak.kz/g/smartfoniy-samsung-galaxy-s25-fe-5g-8128gb-jetblack
Смартфон Vivo Y31 4/128GB Racing Black,89990.0,89990.0,,,https://www.sulpak.kz/g/smartfon_vivo_y31_racing_black_77_2828
Смартфон Samsung Galaxy Z Fold6 5G 12/256GB Silver (SM-F956BZSBSKZ),679890.0,679890.0,,,https://www.sulpak.kz/g/smartfoniy-samsung-galaxy-z-fold6-5g-12256gb-silver-sm-f956bzsbskz
Смартфон Honor X7d 6/128GB Meteor Silver,99990.0,99990.0,,,https://www.sulpak.kz/g/smartfoniy-honor-x7d-6128gb-meteor-silver
Смартфоны VIVO X200 16/512GB Black,499990.0,499990.0,,,https://www.sulpak.kz/g/smartfoniy-vivo-x200-16512gb-black
Смартфон Samsung Galaxy A17 6/256GB Light blue  SM-A175FLBOSKZ,129890.0,129890.0,,,https://www.sulpak.kz/g/smartfoniy-samsung-galaxy-a17-6256gb-light-blue-sm-a175flboskz
Смартфон Honor 200 12/512GB Black,219990.0,219990.0,,,https://www.sulpak.kz/g/smartfoniy-honor-200-12512-black
Смартфон OPPO A5i 4/64GB Nebula Red,64990.0,64990.0,,,https://www.sulpak.kz/g/smartfoniy-oppo-a5i-4-64gb-nebula-red
Смартфон HONOR 200 Lite LLY-NX1 8GB RAM 256GB ROM Starry Blue 200 Lite 8/256GB Starry Blue,149990.0,149990.0,,,https://www.sulpak.kz/g/smartfoniy_honor_200_lite_8256gb_starry_blue
Смартфон Apple iPhone 15 6/128GB Green,424990.0,424990.0,,,https://www.sulpak.kz/g/smartfoniy_apple_15_128gb_green
Смартфон Vivo Y21d 6/256GB Purple,124990.0,124990.0,,,https://www.sulpak.kz/g/smartfoniy-vivo-y21d-6256gb-purple
Смартфон OPPO Reno14 5G 12/512GB Luminous Green,399990.0,399990.0,,,https://www.sulpak.kz/g/smartfoniy-oppo-reno14-5g-12512gb-luminous-green
Смартфон Samsung Galaxy S25 12/128GB Icyblue,369890.0,369890.0,,,https://www.sulpak.kz/g/smartfoniy-samsung-galaxy-s25-12128gb-icyblue
Смартфон Apple iPhone 12 mini 64GB Purple (Demo),189990.0,189990.0,,,https://www.sulpak.kz/g/smartfon_apple_iphone_12_mini_64gb_purple_demo_3j248_511_2840
Смартфон Honor X9c Smart 8/256 Ocean Cyan,154990.0,154990.0,,,https://www.sulpak.kz/g/smartfoniy-honor-honor-x9c-smart-8256-ocean-cyan
Смартфон OPPO Reno13F 8/256GB Plume Purple,179990.0,179990.0,,,https://www.sulpak.kz/g/smartfoniy-oppo-reno13f-8256gb-plume-purple
Смартфон Honor X7c 8/256GB Forest Green,104990.0,104990.0,,,https://www.sulpak.kz/g/smartfoniy-honor-honor-x7c-8-256-forest-green
Смартфон Apple iPhone 13 4/256GB Midnight,382990.0,382990.0,,,https://www.sulpak.kz/g/smartfon_apple_iphone_13_256gb_midnight_mlp23rka
Смартфон Huawei Nova 13i 8/128G Blue,94890.0,94890.0,,,https://www.sulpak.kz/g/smartfoniy-huawei-nova-13i-8128g-blue
Смартфон Apple iPhone 13 4/256GB Pink,382990.0,382990.0,,,https://www.sulpak.kz/g/smartfon_apple_iphone_13_256gb_pink_mlp53rka
Смартфон OPPO Reno11 5G 12/256 Rock Grey,169990.0,169990.0,,,https://www.sulpak.kz/g/smartfoniy_oppo__reno11_5g_12_256_rock_grey
Смартфон Apple iPhone 14 6/256GB Blue,454990.0,454990.0,,,https://www.sulpak.kz/g/smartfoniy_apple_iphone_14_256gb_blue_mpwq3rua
Смартфон Huawei Mate X6 12/512GB Black,749890.0,749890.0,,,https://www.sulpak.kz/g/smartfoniy-huawei-mate-x6-12512gb-black
Смартфоны Vivo V50 Lite 8/128GB Phantom Black,154990.0,154990.0,,,https://www.sulpak.kz/g/smartfoniy-vivo-v50-lite-8128gb-phantom-black
Смартфон OPPO A5 Pro 8/256GB Olive Green,159990.0,159990.0,,,https://www.sulpak.kz/g/smartfoniy-oppo-oppo-a5-pro-olive-green
Смартфон HUAWEI nova 12i 8/256GB Black,84990.0,84990.0,,,https://www.sulpak.kz/g/smartfoniy_huawei_nova_12i_8_256_black
Смартфон Apple iPhone 15 Plus 128GB Black (3M462ZF/A) Demo,454990.0,454990.0,,,https://www.sulpak.kz/g/smartfoniy_apple_15_plus_128gb_black_demo
Смартфон Motorola G56 12/256GB Gray Mist,149990.0,149990.0,,,https://www.sulpak.kz/g/smartfoniy-motorola-g56-12256gb-gray-mist
Смартфоны Vivo V40 12/256GB Stellar Silver,259990.0,259990.0,,,https://www.sulpak.kz/g/smartfoniy-vivo-v40-stellar-silver-12256
Смартфон Apple iPhone 14 Pro 6/1TB Gold,679990.0,679990.0,,,https://www.sulpak.kz/g/smartfoniy_apple_iphone_14_pro_1tb_gold
Смартфон Samsung Galaxy S22 5G 8/128GB Pink gold,279890.0,279890.0,,,https://www.sulpak.kz/g/smartfoniy_samsung_galaxy_s22_128gb_pink_gold_sm_s901biddskz
Смартфон Samsung Galaxy S24+ 12/256GB Onyx Black,469890.0,469890.0,,,https://www.sulpak.kz/g/smartfoniy_samsung_galaxy_s24__256gb_onyx_black_sm_s926bzkdskz
Смартфон Vivo X300 16/512GB Blue,649990.0,649990.0,,,https://www.sulpak.kz/g/smartfoniy-vivo-x300-blue
Смартфон Honor X8c 8/256 Midnight Black,154990.0,154990.0,,,https://www.sulpak.kz/g/smartfoniy-honor-x8c-8256-midnight-black
Смартфон Honor X9c 12/256 Jade Cyan,209990.0,209990.0,,,https://www.sulpak.kz/g/smartfoniy-honor-honor-x9c-12256-jade-cyan
Смартфон Honor 200 Lite 8/256GB Cyan Lake,149990.0,149990.0,,,https://www.sulpak.kz/g/smartfoniy_honor_200_lite_8256gb_cyan_lake
Смартфон Vivo V60 Lite 8/256GB Blue,179990.0,179990.0,,,https://www.sulpak.kz/g/smartfoniy-vivo-v60-lite-8256gb-blue
Смартфон OPPO Reno12 Pro 12/512GB Brown,279990.0,279990.0,,,https://www.sulpak.kz/g/smartfoniy-oppo-reno12-pro-12512gb-brown
Смартфон Huawei Nova 13 12/512G White,179890.0,179890.0,,,https://www.sulpak.kz/g/smartfoniy-huawei-nova-13-12512g-white
Смартфон Apple iPhone Air 12/256GB Cloud White,764990.0,764990.0,,,https://www.sulpak.kz/g/smartfoniy-apple-iphone-air-256gb-cloud-white-mg2m4hxa
Смартфон Motorola G56 12/256GB Dill,149990.0,149990.0,,,https://www.sulpak.kz/g/smartfoniy-motorola-g56-12256gb-dill
Смартфон Honor X9c 8/256 Titanium Purple,199990.0,199990.0,,,https://www.sulpak.kz/g/smartfoniy-honor-honor-x9c-8256-titanium-purple
Смартфон Apple iPhone 12 Pro 6/128GB Graphite,299990.0,299990.0,,,https://www.sulpak.kz/g/smartfon_apple__iphone_12_pro_128gb_graphite_mgmk3_iphone_12_77_2621
Смартфон Honor X5b Plus 4/128 Ocean Blue,44990.0,44990.0,,,https://www.sulpak.kz/g/smartfoniy-honor-honor-x5b-plus-4128-ocean-blue
Смартфон Motorola Edge 50 Fusion 12/512 Marshmallow Blue,179990.0,179990.0,,,https://www.sulpak.kz/g/smartfoniy-motorola-edge-50-fusion-12512-marshmallow-blue
Смартфон Samsung Galaxy A06 6/128GB Gold,69890.0,69890.0,,,https://www.sulpak.kz/g/smartfoniy-samsung-galaxy-a06-6128g-gold
Смартфон Apple iPhone 16 8/128GB Teal,534990.0,534990.0,,,https://www.sulpak.kz/g/smartfoniy-apple-iphone-16-128gb-teal-myed3hxa
Смартфон Realme Note 60 4/128GB Blue,50390.0,50390.0,,,https://www.sulpak.kz/g/smartfoniy-realme-note-60-4128gb-blue
Смартфон Samsung Galaxy S25 Ultra 12/512GB Titanium Whitesilver,729890.0,729890.0,,,https://www.sulpak.kz/g/smartfoniy-samsung-galaxy-s25-ultra-12512gb-titanium-whitesilver-sm-s938bzscskz
Смартфон VIVO V60 Lite 5G 12/256GB Blue,229990.0,229990.0,,,https://www.sulpak.kz/g/smartfoniy-vivo-v60lite-5g-12256gb-blue
Смартфон Apple iPhone 15 Pro Max 8/256GB Blue Titanium,684990.0,684990.0,,,https://www.sulpak.kz/g/smartfoniy_apple_15_pro_max_256gb_blue_titanium_demo
Смартфон Vivo X200 FE 12/512GB Blue,449990.0,449990.0,,,https://www.sulpak.kz/g/smartfoniy-vivo-x200-fe-12512gb-blue
Смартфон Apple iPhone 16 Plus 128GB Pink (3N350ZF/A) Demo,609990.0,609990.0,,,https://www.sulpak.kz/g/tovariy-ne-dlya-prodazhi-511-5886
Смартфон OPPO Reno12F 8/256GB Matte Grey,159990.0,159990.0,,,https://www.sulpak.kz/g/smartfoniy-oppo-reno12f-8256gb-matte-grey
Смартфон Motorola Razr 60 Ultra 16/512 Mountain Trail,799990.0,799990.0,,,https://www.sulpak.kz/g/smartfoniy-motorola-razr-60-ultra-16512-mountain-trail
Смартфон Motorola Razr 60 8/256GB Gibraltar Sea,399990.0,399990.0,,,https://www.sulpak.kz/g/smartfoniy-motorola-razr-60-8256gb-gibraltar-sea
Смартфон Nubia Music 4/128GB,49990.0,49990.0,,,https://www.sulpak.kz/g/smartfoniy-zte-nubia-music
Смартфон Apple / iPhone 12 64GB Blue (Demo) 3H523,229990.0,229990.0,,,https://www.sulpak.kz/g/smartfon_apple__iphone_12_64gb_blue_demo_3h523_3h523_77_2671
Смартфон Samsung Galaxy Z Fold7 5G 12/512GB Blue Shadow,1161890.0,1161890.0,,,https://www.sulpak.kz/g/smartfoniy-samsung-galaxy-z-fold7-5g-512gb-sm-f966bdbcskz-blue-shadow
Смартфон VIVO V40 Lite 8/256GB Titanium Silver,149990.0,149990.0,,,https://www.sulpak.kz/g/smartfoniy-vivo-v40lite-titanium-silver-8256
Смартфон Samsung Galaxy S25+ 12/512GB Silver Shadow,594890.0,594890.0,,,https://www.sulpak.kz/g/smartfoniy-samsung-galaxy-s25-12512gb-silver-shadow
Смартфон OPPO A78 8/256GB Aqua Green,99990.0,99990.0,,,https://www.sulpak.kz/g/smartfoniy_oppo_a78_8256_aqua_black
Смартфон Apple iPhone 12 mini 4/64GB Black,269990.0,269990.0,,,https://www.sulpak.kz/g/smartfon_apple_iphone_12_mini_black_77_2650
Смартфон OPPO Reno14 5G 12/512GB Opal White,399990.0,399990.0,,,https://www.sulpak.kz/g/smartfoniy-oppo-reno14-5g-12512gb-opal-white
Смартфон Apple iPhone 15 Pro 8/512GB Natural Titanium,679990.0,679990.0,,,https://www.sulpak.kz/g/smartfoniy_apple_15_pro_512gb_natural_titanium
Смартфон OPPO Reno13 Pro 5G 12/512GB Plume Purple,399990.0,399990.0,,,https://www.sulpak.kz/g/smartfoniy-oppo-reno13-pro-5g-12512gb-plume-purple
Смартфон HUAWEI nova 12i 8/256GB Green,84990.0,84990.0,,,https://www.sulpak.kz/g/smartfoniy_huawei_nova_12i_8_256_green
Смартфон Samsung Galaxy Z Flip7 5G 12/512GB Coral Red,701890.0,701890.0,,,https://www.sulpak.kz/g/smartfoniy-samsung-galaxy-z-flip7-5g-512gb-sm-f766bzrhskz-coral-red
Смартфон Motorola Edge 60 Pro 12/512 Dazzling Blue,299990.0,299990.0,,,https://www.sulpak.kz/g/smartfoniy-motorola-edge-60-pro-12512-dazzling-blue
Смартфон Motorola G85 5G 12/256GB Urban Gray,151990.0,151990.0,,,https://www.sulpak.kz/g/smartfoniy-motorola-g85-5g-12256-urban-gray
Смартфон Apple iPhone Air 12/512GB Sky Blue,924990.0,924990.0,,,https://www.sulpak.kz/g/smartfoniy-apple-iphone-air-512gb-sky-blue-mg2v4hxa
Смартфон Motorola G75 8/256GB Succulent Green,149990.0,149990.0,,,https://www.sulpak.kz/g/smartfoniy-motorola-g75-8256-succulent-green
Смартфон Honor 200 Pro 12/512GB Black,289990.0,289990.0,,,https://www.sulpak.kz/g/smartfoniy-honor-200-pro-12512-black
Смартфон Samsung Galaxy Z Flip7 5G 12/256GB Jet Black,629890.0,629890.0,,,https://www.sulpak.kz/g/smartfoniy-samsung-galaxy-z-flip7-5g-256gb-sm-f766bzkgskz-jet-black
Смартфон Motorola Edge 50 12/512GB Koala Grey,229990.0,229990.0,,,https://www.sulpak.kz/g/smartfoniy-motorola-edge-50-12512-koala-grey
Смартфон OPPO Reno10 8/256GB Silvery Grey,139990.0,139990.0,,,https://www.sulpak.kz/g/smartfoniy_oppo_reno10_8_256_silvery_grey
Смартфон HONOR 200 ELI-NX9 8GB RAM 256GB ROM Moonlight White 200 8/256GB Moonlight White,253686.0,253686.0,,,https://www.sulpak.kz/g/smartfoniy-honor-200-8256-emerald-green
Смартфон Apple iPhone 11 4/64GB Black Slim Box,249990.0,249990.0,,,https://www.sulpak.kz/g/smartfon_apple__iphone_11_64gb_black_mhda3_mhda3_77_2686
Смартфон Motorola G15 8/256 Sunrise Orange,99990.0,99990.0,,,https://www.sulpak.kz/g/smartfoniy-motorola-g15-8256-sunrise-orange
Смартфон HUAWEI nova 12s 8/256GB Black,139990.0,139990.0,,,https://www.sulpak.kz/g/smartfoniy_huawei_nova_12s_black
Смартфон OPPO A3 6/256GB Starry Purple,109990.0,109990.0,,,https://www.sulpak.kz/g/smartfoniy-oppo-a3-6256gb-starry-purple
Смартфон Realme C75 8/128GB Gold,89990.0,89990.0,,,https://www.sulpak.kz/g/smartfoniy-realme-c75-8128gb-gold
Смартфон Honor X6b 4/128 Forest Green,54990.0,54990.0,,,https://www.sulpak.kz/g/smartfoniy-honor-x6b-4128-ocean-cyan
Смартфон Apple iPhone 15 Pro Max 8/512GB White Titanium,749990.0,749990.0,,,https://www.sulpak.kz/g/smartfoniy_apple_15_pro_max_512gb_white_titanium
Смартфон vivo V40 (V2348-01) 12GB RAM 256GB ROM White V40 12/256GB Moonlight White,259990.0,259990.0,,,https://www.sulpak.kz/g/smartfoniy-vivo-v40-moonlight-white-12256
Смартфон ZTE Blade V50 Vita 6\128GB Black,54990.0,54990.0,,,https://www.sulpak.kz/g/smartfoniy_zte_blade_v50_vita_6128gb_black
Смартфон Huawei Nova 13 12/512G Black,179890.0,179890.0,,,https://www.sulpak.kz/g/smartfoniy-huawei-nova-13-12512g-black
Смартфон Motorola G06 4/128GB Tapestry,69990.0,69990.0,,,https://www.sulpak.kz/g/smartfoniy-motorola-g06-4128gb-tapestry
Смартфон vivo V40 lite (V2424-04) 8GB RAM 128GB ROM Emerald Green V40 Lite 8/128GB Emerald Green,129990.0,129990.0,,,https://www.sulpak.kz/g/smartfoniy-vivo-v40lite-emerald-green-8128
Смартфон Vivo Y100 8/256GB Crystal black,99990.0,99990.0,,,https://www.sulpak.kz/g/smartfoniy_vivo__y100_crystal_black_8_256
Смартфон OPPO A58 8/128GB Green,79990.0,79990.0,,,https://www.sulpak.kz/g/smartfoniy_oppo_a58_8128gb_green
Смартфон Apple iPhone 12 Pro 6/128GB Gold,299990.0,299990.0,,,https://www.sulpak.kz/g/smartfon_apple__iphone_12_pro_128gb_gold_mgmm3_iphone_12_77_2623
Смартфон Samsung Galaxy S24+ 12/256GB Marble Gray,469890.0,469890.0,,,https://www.sulpak.kz/g/smartfoniy_samsung_galaxy_s24__256gb_marble_gray_sm_s926bzadskz
Смартфон Vivo V60 Lite 8/128GB Blue,164990.0,164990.0,,,https://www.sulpak.kz/g/smartfoniy-vivo-v60lite-8128gb-blue
Смартфон Samsung Galaxy S25+ 12/256GB Icyblue,524890.0,524890.0,,,https://www.sulpak.kz/g/smartfoniy-samsung-galaxy-s25-12256gb-icyblue
Смартфон Apple iPhone 16 Pro Max 8/1TB Desert Titanium,1159990.0,1159990.0,,,https://www.sulpak.kz/g/smartfoniy-apple-iphone-16-pro-max-1tb-desert-titanium-myx63hxa
Смартфон Huawei Pura 80 White,349890.0,349890.0,,,https://www.sulpak.kz/g/smartfoniy-huawei-pura-80-white
Смартфоны VIVO Y28 8/128GB Agate Green,99990.0,99990.0,,,https://www.sulpak.kz/g/smartfoniy_vivo__y28_8128gb_agate_green
Смартфон Samsung Galaxy S25 FE 5G 8/256GB White,434890.0,434890.0,,,https://www.sulpak.kz/g/smartfoniy-samsung-galaxy-s25-fe-5g-8256gb-white
Смартфон Huawei Mate XT Red,1499890.0,1499890.0,,,https://www.sulpak.kz/g/smartfoniy-huawei-mate-xt-red
Смартфон Samsung Galaxy Z Flip7 5G 256GB SM-F766BDBGSKZ Blue Shadow,629890.0,629890.0,,,https://www.sulpak.kz/g/smartfoniy-samsung-galaxy-z-flip7-5g-256gb-sm-f766bzkgskz-blue-shadow
Смартфон Huawei Pura 80 Pro Red,469890.0,469890.0,,,https://www.sulpak.kz/g/smartfoniy-huawei-pura-80-pro-red
Смартфон OPPO A96 6/128GB Starry Black,99990.0,99990.0,,,https://www.sulpak.kz/g/smartfoniy_oppo_a96_256gb_starry_black
Смартфон Motorola Razr 60 8/256GB Lightest Sky,399990.0,399990.0,,,https://www.sulpak.kz/g/smartfoniy-motorola-razr-60-8256gb-lightest-sky
Смартфон Apple iPhone 15 Pro 8/512GB Black Titanium,679990.0,679990.0,,,https://www.sulpak.kz/g/smartfoniy_apple_15_pro_512gb_black_titanium
Смартфон Huawei Pura 80 Ultra Gold,699890.0,699890.0,,,https://www.sulpak.kz/g/smartfoniy-huawei-pura-80-ultra-gold
Смартфон Samsung Galaxy S24 Ultra 12/256GB Titanium Violet,699890.0,699890.0,,,https://www.sulpak.kz/g/smartfoniy_samsung_galaxy_s24_ultra_256gb_titanium_violet_sm_s928bzvgskz
Смартфон Apple iPhone 11 4/64GB White Slim Box,249990.0,249990.0,,,https://www.sulpak.kz/g/smartfon_apple__iphone_11_64gb_white_mhdc3_mhdc3_77_2687
Смартфон Motorola G35 8/256GB Guava Red,119990.0,119990.0,,,https://www.sulpak.kz/g/smartfoniy-motorola-g35-8256-guava-red
Смартфоны Vivo V60 12/512GB Desert Gold,359990.0,359990.0,,,https://www.sulpak.kz/g/smartfoniy-vivo-v60-12512gb-desert-gold
Смартфон Huawei Pura 80 Gold,349890.0,349890.0,,,https://www.sulpak.kz/g/smartfoniy-huawei-pura-80-gold
Смартфон Samsung Galaxy S25 FE 5G 8/256GB Icyblue,434890.0,434890.0,,,https://www.sulpak.kz/g/smartfoniy-samsung-galaxy-s25-fe-5g-8256gb-icyblue
Смартфон Samsung Galaxy S24+ 12/256GB Cobalt Violet,469890.0,469890.0,,,https://www.sulpak.kz/g/smartfoniy_samsung_galaxy_s24__256gb_cobalt_violet_sm_s926bzvdskz
Смартфон Apple iPhone 14 6/128GB Purple,382990.0,382990.0,,,https://www.sulpak.kz/g/smartfoniy_apple_iphone_14_128gb_purple_mpv13rua
Смартфон VIVO Y19s 4/128 Black,64990.0,64990.0,,,https://www.sulpak.kz/g/smartfoniy-vivo-y19s-4128-black
Смартфон Apple iPhone 13 4/256GB Blue,379990.0,379990.0,,,https://www.sulpak.kz/g/smartfon_apple_iphone_13_256gb_blue_mlp73rka
Смартфон Samsung Galaxy S25 FE 5G 8/128GB Icyblue,399890.0,399890.0,,,https://www.sulpak.kz/g/smartfoniy-samsung-galaxy-s25-fe-5g-8128gb-icyblue
Смартфон Samsung Galaxy S25 12/128GB Mint,369890.0,369890.0,,,https://www.sulpak.kz/g/smartfoniy-samsung-galaxy-s25-12128gb-mint
Смартфон Vivo V30 12/256GB Noble Black,209990.0,209990.0,,,https://www.sulpak.kz/g/smartfoniy_vivo_v30
Смартфон Apple iPhone 13 4/128GB Green,319990.0,319990.0,,,https://www.sulpak.kz/g/smartfoniy_apple_iphone_13_128gb_green_mngn3rka
Смартфон Honor X5b Plus 4/128 Midnight Black,44990.0,44990.0,,,https://www.sulpak.kz/g/smartfoniy-honor-honor-x5b-plus-4128-midnight-black
Смартфоны Vivo V50 Lite 8/128GB Titanium Gold,154990.0,154990.0,,,https://www.sulpak.kz/g/smartfoniy-vivo-v50-lite-8128gb-titanium-gold
Смартфон Samsung Galaxy Z Fold7 5G 12/256GB Jet Black,1089890.0,1089890.0,,,https://www.sulpak.kz/g/smartfoniy-samsung-galaxy-z-fold7-5g-256gb-sm-f966bzkbskz-jet-black
Смартфон Apple iPhone 14 6/128GB Blue (Demo),382990.0,382990.0,,,https://www.sulpak.kz/g/smartfoniy_apple_iphone_14_128gb_blue_demo_3l239rua
Смартфон OPPO OPPO Find N5 16/512GB Cosmic Black,999990.0,999990.0,,,https://www.sulpak.kz/g/smartfoniy-oppo-oppo-find-n5-16512gb-cosmic-black
Смартфон Huawei Nova 13 Pro 12/512GB White,220890.0,220890.0,,,https://www.sulpak.kz/g/smartfoniy-huawei-nova-13-pro-white
Смартфон HUAWEI nova 12 SE 8/256GB Black,94990.0,94990.0,,,https://www.sulpak.kz/g/smartfoniy_huawei_nova_12_se_black
Смартфон Honor X9c Smart 8/256 Moonlight White,154990.0,154990.0,,,https://www.sulpak.kz/g/smartfoniy-honor-honor-x9c-smart-8256-moonlight-white
Смартфон OPPO Reno11 F 5G 8/256 Ocean Blue,129990.0,129990.0,,,https://www.sulpak.kz/g/smartfoniy_oppo__reno11_f_5g_8_256_ocean_blue
Смартфон VIVO Y28 8/256GB Agate Green,109990.0,109990.0,,,https://www.sulpak.kz/g/smartfoniy_vivo__y28_8256gb_agate_green
Смартфон ZTE Blade V50 Design 8\128GB Green,54990.0,54990.0,,,https://www.sulpak.kz/g/smartfoniy_zte_blade_v50_design_8128gb_green
Смартфон Motorola Edge 60 Fusion 12/256Gb Amazonite,199990.0,199990.0,,,https://www.sulpak.kz/g/smartfoniy-motorola-edge-60-fusion-12256-amazonite
Смартфон Apple iPhone 13 4/256GB Green,379990.0,379990.0,,,https://www.sulpak.kz/g/smartfoniy_apple_iphone_13_256gb_green_mngp3rka
Смартфон Samsung Galaxy Z Fold7 5G 12/512GB Silver Shadow,1161890.0,1161890.0,,,https://www.sulpak.kz/g/smartfoniy-samsung-galaxy-z-fold7-5g-512gb-sm-f966bzscskz-silver-shadow
Смартфон Huawei Nova 14 12/256GB Blue,219890.0,219890.0,,,https://www.sulpak.kz/g/smartfoniy-huawei-nova-14-12256gb-blue
Смартфон OPPO A5i 4/64GB Starry Purple,64990.0,64990.0,,,https://www.sulpak.kz/g/smartfoniy-oppo-a5i-4-64gb-starry-purple
Смартфон Samsung Galaxy S25+ 12/512GB Icyblue,594890.0,594890.0,,,https://www.sulpak.kz/g/smartfoniy-samsung-galaxy-s25-12512gb-icyblue
Смартфон Samsung Galaxy Z Flip7 FE 5G 8/128GB Black,509890.0,509890.0,,,https://www.sulpak.kz/g/smartfoniy-samsung-galaxy-z-flip7-fe-5g-128gb-sm-f761bzkgskz-black
Смартфон VIVO V40 Lite 8/256GB Emerald Green,149990.0,149990.0,,,https://www.sulpak.kz/g/smartfoniy-vivo-v40lite-emerald-green-8256
Смартфон Honor X6b 4/128 Midnight Black,54990.0,54990.0,,,https://www.sulpak.kz/g/smartfoniy-honor-x6b-4128-midnight-black
Смартфон Motorola G86 Power 8/512GB Golden Cypress,189990.0,189990.0,,,https://www.sulpak.kz/g/smartfoniy-motorola-g86-power-8512gb-golden-cypress
Смартфон Apple iPhone 14 Plus 6/128GB Purple (Demo),389990.0,389990.0,,,https://www.sulpak.kz/g/smartfoniy-apple-iphone-14-plus-6128gb-purple
Смартфон Honor X9c 8/256 Jade Cyan,199990.0,199990.0,,,https://www.sulpak.kz/g/smartfoniy-honor-honor-x9c-8256-jade-cyan
Смартфон VIVO Y19s 4/128 Silver,64990.0,64990.0,,,https://www.sulpak.kz/g/smartfoniy-vivo-y19s-4128-silver
Смартфон Honor Magic 7 12/256GB Black,499990.0,499990.0,,,https://www.sulpak.kz/g/smartfoniy-honor-honor-magic-7-12256gb-black
Смартфон Motorola Edge 60 Fusion 12/256Gb Zephyr,199990.0,199990.0,,,https://www.sulpak.kz/g/smartfoniy-motorola-edge-60-fusion-12256-zephyr
Смартфон Samsung Galaxy S25 FE 5G 8/128GB White,399890.0,399890.0,,,https://www.sulpak.kz/g/smartfoniy-samsung-galaxy-s25-fe-5g-8128gb-white
Смартфон Honor X9b 8/256 Midnight Black,129990.0,129990.0,,,https://www.sulpak.kz/g/smartfoniy_honor_x9b_8_256_midnight_black
Смартфон Huawei Nova 14 Pro 12/512GB Black,299890.0,299890.0,,,https://www.sulpak.kz/g/smartfoniy-huawei-nova-14-pro-12512gb-black
Смартфон Honor x7c 8/256GB Moonlight White,104990.0,104990.0,,,https://www.sulpak.kz/g/smartfoniy-honor-honor-x7c-8-256-moonlight-white
Смартфон OPPO A78 8/256GB Mist Black,99990.0,99990.0,,,https://www.sulpak.kz/g/smartfoniy_oppo_a78_8256_mist_black
Смартфон Honor X8c 8/256 Marrs Green,154990.0,154990.0,,,https://www.sulpak.kz/g/smartfoniy-honor-x8c-8256-marrs-green
Смартфон Apple iPhone 12 Pro Max 6/256GB Graphite Refurbished GRADE B,299990.0,299990.0,,,https://www.sulpak.kz/g/smartfoniy-apple-iphone-12-pro-max-6256gb-graphite
Смартфон Huawei Pura 80 Pro White,469890.0,469890.0,,,https://www.sulpak.kz/g/smartfoniy-huawei-pura-80-pro-white
Смартфон Motorola Edge 60 12/512 Shamrock,249990.0,249990.0,,,https://www.sulpak.kz/g/smartfoniy-motorola-edge-60-12512-shamrock
Смартфон Honor X9b 8/256 Emerald Green,129990.0,129990.0,,,https://www.sulpak.kz/g/smartfoniy_honor_x9b_8_256_emerald_green
Смартфон Huawei Nova 13 Pro 12/512GB Green,220890.0,220890.0,,,https://www.sulpak.kz/g/smartfoniy-huawei-nova-13-pro-green
Смартфон Huawei Pura 70 Ultra 16/512GB Green,728714.0,728714.0,,,https://www.sulpak.kz/g/smartfoniy_huawei__pura_70_ultra_green
Смартфон Samsung Galaxy S25+ 12/256GB Mint,524890.0,524890.0,,,https://www.sulpak.kz/g/smartfoniy-samsung-galaxy-s25-12256gb-mint
Смартфон OPPO A77s 8/128GB Sunset Orange,79990.0,79990.0,,,https://www.sulpak.kz/g/smartfoniy_oppo_oppo_77_3956
Смартфон HUAWEI P smart 2021 4/128GB Crush Green,69990.0,69990.0,,,https://www.sulpak.kz/g/smartfon_huawei__p_smart_2021_crush_green_p_smart_2021_crush_green_77_2775
Смартфон Apple iPhone 16e 8/128GB White,474990.0,474990.0,,,https://www.sulpak.kz/g/smartfoniy-apple-iphone-16e-128gb-white-md1r4hxa
Смартфон Nubia Focus Pro 5G 8/256GB Brown,109990.0,109990.0,,,https://www.sulpak.kz/g/smartfoniy-zte-nubia-focus-pro-5g-brown
Смартфон Motorola G06 4/128GB Tendril,69990.0,69990.0,,,https://www.sulpak.kz/g/smartfoniy-motorola-g06-4128gb-tendril
Смартфон VIVO Y03 Gem Green 4+64,54990.0,54990.0,,,https://www.sulpak.kz/g/smartfoniy-vivo-y03-gem-green-4-64
Смартфон Apple iPhone 15 Pro 8/1TB White Titanium,844990.0,844990.0,,,https://www.sulpak.kz/g/smartfoniy_apple_15_pro_1tb_white_titanium
Смартфон ZTE Blade V50 Vita 6\128GB Blue,54990.0,54990.0,,,https://www.sulpak.kz/g/smartfoniy_zte_blade_v50_vita_6128gb_blue
Смартфон OPPO A3 6/128GB Starlight White,99990.0,99990.0,,,https://www.sulpak.kz/g/smartfoniy-oppo-a3-6128gb-starlight-white
Demo Смартфон Apple iPhone 13 128GB Green (Demo),319990.0,319990.0,,,https://www.sulpak.kz/g/smartfoniy_apple_iphone_13_128gb_green_demo_3k585rua
Смартфон Apple iPhone 15 6/256GB Green,504990.0,504990.0,,,https://www.sulpak.kz/g/smartfoniy_apple_15_256gb_green
Смартфон Samsung Galaxy A03 Core 2/32GB Blue,59890.0,59890.0,,,https://www.sulpak.kz/g/smartfon_samsung_galaxy_a03_core_32gb_blue_sm_a032fzbdskz
Смартфон Apple iPhone 14 6/128GB Yellow,382990.0,382990.0,,,https://www.sulpak.kz/g/smartfoniy_apple_iphone_14_yellow_128__mr523rua
Смартфон Motorola Edge 50 12/512GB Jungle Green,229990.0,229990.0,,,https://www.sulpak.kz/g/smartfoniy-motorola-edge-50-12512-jungle-green
Смартфон Huawei Nova 14 12/512GB Black,219890.0,219890.0,,,https://www.sulpak.kz/g/smartfoniy-huawei-nova-14-12512gb-black
Смартфон Apple iPhone 15 Plus 6/256GB Pink,609990.0,609990.0,,,https://www.sulpak.kz/g/smartfoniy_apple_15_plus_256gb_pink
Смартфон Honor X7b 8/128GB Flowing Silver,69990.0,69990.0,,,https://www.sulpak.kz/g/smartfoniy_honor_x7b_8128_flowing_silver
Смартфон Honor X8с 8/128 Marrs Green,134990.0,134990.0,,,https://www.sulpak.kz/g/smartfoniy-honor-x8s-8128-marrs-green
Смартфон Apple iPhone 12 4/64 GB Black Refurbished GRADE C,174990.0,174990.0,,,https://www.sulpak.kz/g/smartfoniy-apple-iphone-12-64-gb-black-ref-grade-c
Смартфон Honor X8c 8/256 Moonlight White,154990.0,154990.0,,,https://www.sulpak.kz/g/smartfoniy-honor-x8c-8256-moonlight-white
Смартфон VIVO Y19s 6/128 Black,79990.0,79990.0,,,https://www.sulpak.kz/g/smartfoniy-vivo-y19s-6128-black
Смартфон Honor X6b 6/256 Midnight Black,64990.0,64990.0,,,https://www.sulpak.kz/g/smartfoniy-honor-x6b-6256-midnight-black
Смартфон OPPO A3 6/256GB Sparkle Black,109990.0,109990.0,,,https://www.sulpak.kz/g/smartfoniy-oppo-a3-6256gb-sparkle-black
Смартфон HONOR 200 ELI-NX9 12GB RAM 512GB ROM Emerald Green 200 12/512GB Emerald Green,219990.0,219990.0,,,https://www.sulpak.kz/g/smartfoniy-honor-200-12512-moonlight-white
Смартфон Apple iPhone 16 Plus 128GB Black (3N348ZF/A) Demo,609990.0,609990.0,,,https://www.sulpak.kz/g/tovariy-ne-dlya-prodazhi-apple-iphone-16-plus-128gb-black-demo3n348zfa
Смартфон Huawei Mate X6 12/512GB Red,749890.0,749890.0,,,https://www.sulpak.kz/g/smartfoniy-huawei-mate-x6-12512gb-red
Смартфон OPPO Reno13F 8/512GB Plume Purple,229990.0,229990.0,,,https://www.sulpak.kz/g/smartfoniy-oppo-reno13f-8512gb-plume-purple
Смартфон Huawei Nova 14 Pro 12/512GB White,299890.0,299890.0,,,https://www.sulpak.kz/g/smartfoniy-huawei-nova-14-pro-12512gb-white
Смартфон Samsung Galaxy A56 5G 8/128GB Pink,209890.0,209890.0,,,https://www.sulpak.kz/g/smartfoniy-samsung-galaxy-a56-5g-128gb-pink-sm-a566eliaskz
Смартфон Apple iPhone 15 6/128GB Blue (3M425ZF/A) Demo,424990.0,424990.0,,,https://www.sulpak.kz/g/smartfoniy_apple_15_128gb_blue__demo
Смартфон Samsung Galaxy Z Fold7 5G 12/256GB Blue Shadow,1089890.0,1089890.0,,,https://www.sulpak.kz/g/smartfoniy-samsung-galaxy-z-fold7-5g-256gb-sm-f966bdbbskz-blue-shadow
Смартфоны VIVO Y28 8/256GB Gleaming Orange,109990.0,109990.0,,,https://www.sulpak.kz/g/smartfoniy_vivo__y28_8256gb_gleaming_orange
Смартфон Motorola E14 2/64 Pastel Green,39990.0,39990.0,,,https://www.sulpak.kz/g/smartfoniy-motorola-e14-264-pastel-green
Смартфон Vivo V25 5G 8/256GB Diamond Black,129990.0,129990.0,,,https://www.sulpak.kz/g/smartfoniy_vivo_v25_5g_8256_gb_diamond_black
Смартфон Samsung Galaxy Z Flip7 FE 5G 8/256GB White,545890.0,545890.0,,,https://www.sulpak.kz/g/smartfoniy-samsung-galaxy-z-flip7-fe-5g-256gb-sm-f761bzwhskz-white
Смартфон Vivo Y17s 6/128GB Glitter Purple (восстановленный),69990.0,69990.0,,,https://www.sulpak.kz/g/smartfoniy-vivo-y17s-6128gb-glitter-purple
Смартфон Vivo Y27s 8/128 Garden Green,74990.0,74990.0,,,https://www.sulpak.kz/g/smartfoniy_vivo_y27s_8128_garden_green
Смартфон OPPO Find N5 16/512GB Misty White,999990.0,999990.0,,,https://www.sulpak.kz/g/smartfoniy-oppo-oppo-find-n5-16512gb-misty-white
Смартфон Tecno CAMON 30  8/256GB Basaltic Dark,114990.0,114990.0,,,https://www.sulpak.kz/g/smartfoniy-tecno-camon-30-8256gb-basaltic-dark
Смартфон Honor X8b 8/128GB Titanium Silver,119990.0,119990.0,,,https://www.sulpak.kz/g/smartfoniy_honor_x8b_8128gb_titanium_silver
Смартфон Samsung Galaxy A03s 3/32GB Black,64890.0,64890.0,,,https://www.sulpak.kz/g/smartfon_samsung_galaxy_a03s_32gb_black_sm_a037fzkdskz
Смартфон Honor X8a 6/128GB Titanium Silver,69990.0,69990.0,,,https://www.sulpak.kz/g/smartfoniy_honor_x8a_6_128_titanium_silver
Смартфон Huawei Pura 70 Pro 12/512GB Black,449890.0,449890.0,,,https://www.sulpak.kz/g/smartfoniy_huawei__pura_70_pro_black
Смартфон Apple iPhone Air 12/512GB Space Black,924990.0,924990.0,,,https://www.sulpak.kz/g/smartfoniy-apple-iphone-air-512gb-space-black-mg2q4hxa
Смартфон OPPO A3 6/128GB Sparkle Black,99990.0,99990.0,,,https://www.sulpak.kz/g/smartfoniy-oppo-a3-6128gb-sparkle-black
Смартфон Honor X8b 8/256 Midnight Black,139990.0,139990.0,,,https://www.sulpak.kz/g/smartfoniy_honor_x8b_8256gb_midnight_black
Смартфон Samsung Galaxy Z Flip7 FE 5G 8/128GB White,509890.0,509890.0,,,https://www.sulpak.kz/g/smartfoniy-samsung-galaxy-z-flip7-fe-5g-128gb-sm-f761bzwgskz-white
Смартфон Apple iPhone 13 128GB Blue (Demo),319990.0,319990.0,,,https://www.sulpak.kz/g/smartfon_apple_iphone_13_128gb_blue_demo_3j841rua
Смартфон OPPO Reno12F 8/256GB Amber Orange,159990.0,159990.0,,,https://www.sulpak.kz/g/smartfoniy-oppo-reno12f-8256gb-amber-orange
Смартфон Huawei Nova 14 12/256GB White,219890.0,219890.0,,,https://www.sulpak.kz/g/smartfoniy-huawei-nova-14-12256gb-white
Смартфон Apple iPhone 15 Pro Max 8/1TB Natural Titanium,1049990.0,1049990.0,,,https://www.sulpak.kz/g/smartfoniy_apple_15_pro_max_1tb_natural_titanium
Смартфон Apple iPhone 15 Pro Max 8/1TB White Titanium,1049990.0,1049990.0,,,https://www.sulpak.kz/g/smartfoniy_apple_15_pro_max_1tb_white_titanium
Смартфон Motorola Edge 50 Fusion 12/512 Forest Blue,179990.0,179990.0,,,https://www.sulpak.kz/g/smartfoniy-motorola-edge-50-fusion-12512-forest-blue
Смартфон Apple iPhone 15 Pro 8/1TB Natural Titanium,844990.0,844990.0,,,https://www.sulpak.kz/g/smartfoniy_apple_15_pro_1tb_natural_titanium
Смартфон Apple iPhone 14 Plus 6/512GB Blue,524990.0,524990.0,,,https://www.sulpak.kz/g/smartfoniy_apple_iphone_14_plus_512gb_blue
Смартфон Apple iPhone 14 Plus 6/512GB Midnight,524990.0,524990.0,,,https://www.sulpak.kz/g/smartfoniy_apple_iphone_14_plus_512gb_midnight
Смартфон HUAWEI nova 12 SE 8/256GB Green,94990.0,94990.0,,,https://www.sulpak.kz/g/smartfoniy_huawei_nova_12_se_green
Смартфон Tecno Spark 30C 4/128GB Magic Skin Green,57990.0,57990.0,,,https://www.sulpak.kz/g/smartfoniy-tecno-spark-30c-4128gb-magic-skin-green
Смартфон Vivo Y03 4/128GB Gem Green (восстановленный),59990.0,59990.0,,,https://www.sulpak.kz/g/smartfoniy-vivo-y03-4128gb-gem-green
Смартфон Apple iPhone 12 4/64 GB Purple Refurbished GRADE C,174990.0,174990.0,,,https://www.sulpak.kz/g/smartfoniy-apple-iphone-12-64-gb-purple-ref-grade-c
Смартфон Honor X8b 8/128GB Midnight Black,119990.0,119990.0,,,https://www.sulpak.kz/g/smartfoniy_honor_x8b_8128gb_midnight_black
Смартфон OPPO A3x 4/128GB Ocean Blue,79990.0,79990.0,,,https://www.sulpak.kz/g/smartfoniy-oppo-a3x-4128gb-ocean-blue
Смартфон Vivo V29e 8/256GB Forest Black (восстановленный),159990.0,159990.0,,,https://www.sulpak.kz/g/smartfoniy-vivo-v29e-8256gb-forest-black
Смартфон Apple iPhone 15 6/128GB Yellow,424990.0,424990.0,,,https://www.sulpak.kz/g/smartfoniy_apple_15_128gb_yellow
Смартфон Apple iPhone 16 Plus 8/512GB White,844990.0,844990.0,,,https://www.sulpak.kz/g/smartfoniy-apple-iphone-16-plus-512gb-white-my1x3hxa
Смартфон HONOR 200 Pro ELP-NX9 12GB RAM 512GB ROM Ocean Cyan 200 Pro 12/512GB Ocean Cyan,359990.0,359990.0,,,https://www.sulpak.kz/g/smartfoniy-honor-200-pro-12512-ocean-cyan
Смартфон Samsung Galaxy A36 5G 256GB Lime (SM-A366ELGGSKZ),189890.0,189890.0,,,https://www.sulpak.kz/g/smartfoniy-samsung-galaxy-a36-5g-256gb-lime-sm-a366elggskz
Смартфон Apple iPhone 15 Pro 8/1TB Blue Titanium,844990.0,844990.0,,,https://www.sulpak.kz/g/smartfoniy_apple_15_pro_1tb_blue_titanium
Смартфон Tecno Spark 30 8/256GB Astral Ice,84990.0,84990.0,,,https://www.sulpak.kz/g/smartfoniy-tecno-spark-30-8256gb-astral-ice
Смартфон Samsung Galaxy Z Flip7 5G 12/512GB Blue Shadow,701890.0,701890.0,,,https://www.sulpak.kz/g/smartfoniy-samsung-galaxy-z-flip7-5g-512gb-sm-f766bdbhskz-blue-shadow
Смартфон Honor X8b 8/256GB Glamorous Green,139990.0,139990.0,,,https://www.sulpak.kz/g/smartfoniy_honor_x8b_8256_glamorous_green
Смартфон OPPO Reno8 T 8/256GB Sunset Orange,109990.0,109990.0,,,https://www.sulpak.kz/g/smartfoniy_oppo_reno8_t_8_256_sunset_orange
Смартфон Tecno Spark 30 Pro 8/256 GB Arctic Glow,102990.0,102990.0,,,https://www.sulpak.kz/g/smartfoniy-tecno-spark-30-pro-8256-gb-arctic-glow
Смартфон Oppo Reno13 5G 12/512GB Plume White,359990.0,359990.0,,,https://www.sulpak.kz/g/smartfoniy-oppo-oppo-reno13-5g-12512gb-plume-white
Смартфон Apple iPhone 14 Plus 6/512GB Starlight,524990.0,524990.0,,,https://www.sulpak.kz/g/smartfoniy_apple_iphone_14_plus_512gb_starlight
Смартфон Apple iPhone 12 4/64GB White,269990.0,269990.0,,,https://www.sulpak.kz/g/smartfon_apple__iphone_12_64gb_white_mgj63_iphone_12_77_2592
Смартфон Huawei Pura 70 Ultra 16/512GB Black,728714.0,728714.0,,,https://www.sulpak.kz/g/smartfoniy_huawei__pura_70_ultra_black
Смартфон Vivo V30 12/256GB Lush Green,209990.0,209990.0,,,https://www.sulpak.kz/g/smartfoniy_vivo_v30_lush_green_12_256
Смартфон Apple iPhone 14 6/512GB Midnight,609990.0,609990.0,,,https://www.sulpak.kz/g/smartfoniy_apple_iphone_14_512gb_midnight_mpwx3rua
Смартфон Samsung Galaxy Z Flip7 5G 12/512GB Jet Black,701890.0,701890.0,,,https://www.sulpak.kz/g/smartfoniy-samsung-galaxy-z-flip7-5g-512gb-sm-f766bzkhskz-jet-black
Смартфон Vivo Y03 4/128GB Gem Green,64990.0,64990.0,,,https://www.sulpak.kz/g/smartfoniy_vivo__y03_gem_green_4_128
Смартфон Apple iPhone 12 4/256 GB Red Refurbished GRADE A+,209990.0,209990.0,,,https://www.sulpak.kz/g/smartfoniy-apple-iphone-12-256-gb-red-ref-grade-a-
Смартфон Huawei Nova 14 Pro 12/512GB Blue,299890.0,299890.0,,,https://www.sulpak.kz/g/smartfoniy-huawei-nova-14-pro-12512gb-blue
Смартфон Apple iPhone 14 6/128GB (PRODUCT)RED,382990.0,382990.0,,,https://www.sulpak.kz/g/smartfoniy_apple_iphone_14_128gb_productred_mpvd3rua
Смартфон Huawei Nova 13 12/512G Green,179890.0,179890.0,,,https://www.sulpak.kz/g/smartfoniy-huawei-nova-13-12512g-green
Смартфон OPPO Reno12 Pro 12/512GB Gold,279990.0,279990.0,,,https://www.sulpak.kz/g/smartfoniy-oppo-reno12-pro-12512gb-gold
Смартфон Huawei Nova 14 12/512GB Blue,219890.0,219890.0,,,https://www.sulpak.kz/g/smartfoniy-huawei-nova-14-12512gb-blue
Смартфон Tecno CAMON 30 5G 8/256GB Uyuni Salt White,134990.0,134990.0,,,https://www.sulpak.kz/g/smartfoniy-tecno-camon-30-5g-8256gb-uyuni-salt-white
Смартфон Apple iPhone 12 4/64GB Purple,269990.0,269990.0,,,https://www.sulpak.kz/g/smartfon_apple__iphone_12_64gb_purple_mjnm3_iphone_12_77_2972
Смартфон Apple iPhone 15 Plus 128GB Blue (3M465ZF/A) Demo,454990.0,454990.0,,,https://www.sulpak.kz/g/smartfoniy_apple_15_plus_128gb_blue__demo
Смартфон Honor X8a 6/128GB Midnight Black,69990.0,69990.0,,,https://www.sulpak.kz/g/smartfoniy_honor_x8a_6_128_midnight_black
Смартфон Motorola G06 4/128GB Laurel Oak,69990.0,69990.0,,,https://www.sulpak.kz/g/smartfoniy-motorola-g06-4128gb-laurel-oak
Смартфон Apple iPhone 15 Pro Max 8/1TB Blue Titanium,1049990.0,1049990.0,,,https://www.sulpak.kz/g/smartfoniy_apple_15_pro_max_1tb_blue_titanium
Смартфон OPPO A3x 4/128GB Nebula Red,79990.0,79990.0,,,https://www.sulpak.kz/g/smartfoniy-oppo-a3x-4128gb-nebula-red
Смартфон Samsung Galaxy Z Fold7 5G 12/256GB Silver Shadow,1089890.0,1089890.0,,,https://www.sulpak.kz/g/smartfoniy-samsung-galaxy-z-fold7-5g-256gb-sm-f966bzsbskz-silver-shadow
Смартфон Oppo Reno13 5G 12/512GB Luminous Blue,359990.0,359990.0,,,https://www.sulpak.kz/g/smartfoniy-oppo-oppo-reno13-5g-12512gb-luminous-blue
Смартфон Honor Magic 7 12/256GB Grey,499990.0,499990.0,,,https://www.sulpak.kz/g/smartfoniy-honor-honor-magic-7-12256gb-lunar-shadow-grey
Смартфон Vivo Y03 4/128GB Space Black,64990.0,64990.0,,,https://www.sulpak.kz/g/smartfoniy_vivo__y03_space_black_4_128
Смартфон Samsung Galaxy A56 5G 8/256GB Pink,229890.0,229890.0,,,https://www.sulpak.kz/g/smartfoniy-samsung-galaxy-a56-5g-256gb-pink-sm-a566elicskz
Смартфон Samsung Galaxy A03 Core 2/32GB Black,59890.0,59890.0,,,https://www.sulpak.kz/g/smartfon_samsung_galaxy_a03_core_32gb_black_sm_a032fzkdskz
Смартфон Apple iPhone 14 Plus 6/128GB Midnight (Demo),389990.0,389990.0,,,https://www.sulpak.kz/g/smartfoniy-apple-iphone-14-plus-6128gb-midnight-demo
Смартфон Huawei Nova 14 Pro 12/512GB Pink,299890.0,299890.0,,,https://www.sulpak.kz/g/smartfoniy-huawei-nova-14-pro-12512gb-pink
Смартфон Samsung Galaxy Z Flip7 FE 5G 8/256GB Black,545890.0,545890.0,,,https://www.sulpak.kz/g/smartfoniy-samsung-galaxy-z-flip7-fe-5g-256gb-sm-f761bzkhskz-black
Смартфон Huawei Pura 70 Pink,279890.0,279890.0,,,https://www.sulpak.kz/g/smartfoniy_huawei__pura_70_red
Смартфон OPPO A38 4/128GB Glowing Black,69990.0,69990.0,,,https://www.sulpak.kz/g/smartfoniy_oppo_a38_4128gb_glowing_black
Смартфон Tecno Spark 30C 4/128GB Orbit White,57990.0,57990.0,,,https://www.sulpak.kz/g/smartfoniy-tecno-spark-30c-4128gb-orbit-white
Смартфон Vivo Y20 4/64GB Nebula Blue,59990.0,59990.0,,,https://www.sulpak.kz/g/smartfon_vivo__y20_nebula_blue_y20_77_2777
Смартфон Apple iPhone 12 4/64GB Black,269990.0,269990.0,,,https://www.sulpak.kz/g/smartfon_apple_iphone_12_black_77_2648
Смартфон Huawei Nova 14 12/512GB White,219890.0,219890.0,,,https://www.sulpak.kz/g/smartfoniy-huawei-nova-14-12512gb-white
Смартфон Apple iPhone 15 6/256GB Yellow,504990.0,504990.0,,,https://www.sulpak.kz/g/smartfoniy_apple_15_256gb_yellow
Смартфон Apple iPhone 16e 8/512GB Black,709990.0,709990.0,,,https://www.sulpak.kz/g/smartfoniy-apple-iphone-16e-512gb-black-md1x4hxa
Смартфон OPPO A38 4/128GB Glowing Gold,69990.0,69990.0,,,https://www.sulpak.kz/g/smartfoniy_oppo_a38_4128gb_glowing_gold
Смартфон Apple iPhone 16 Plus 8/512GB Ultramarine,844990.0,844990.0,,,https://www.sulpak.kz/g/smartfoniy-apple-iphone-16-plus-512gb-ultramarine-my2d3hxa
Смартфон Apple iPhone 16e 8/512GB White,709990.0,709990.0,,,https://www.sulpak.kz/g/smartfoniy-apple-iphone-16e-512gb-white-md274hxa
Комплект Смартфон Samsung Galaxy A36 5G 256GB Lavender (SM-A366ELVGSKZ) + Фитнес браслет Samsung Galaxy Fit3 Silver SM-R390NZSACIS,0,0,,,https://www.sulpak.kz/g/smartfoniy-samsung-galaxy-a36-5g-256gb-lavender-sm-a366elvgskz-77-7124
Комплект Смартфон Motorola Edge 50 12/512GB Koala Grey + Смартфон Motorola G75 8/256GB Aqua Blue + TWS Наушники ARG J8 White + Power Bank ARG 10000mAh Black (ARG10000TB10),0,0,,,https://www.sulpak.kz/g/smartfoniy-motorola-edge-50-12512gb-koala-grey
Смартфон Motorola G82 5G 6/128GB White Lily,137290.0,137290.0,,,https://www.sulpak.kz/g/smartfoniy_motorola_g82_5g_6128gb_white_lily
Смартфон Honor X6a 4/128GB Cyan Lake,64990.0,64990.0,,,https://www.sulpak.kz/g/smartfoniy_honor_x6a_4_128_cyan_lake
Смартфон Huawei Pura 70 Pro 12/512GB White,449890.0,449890.0,,,https://www.sulpak.kz/g/smartfoniy_huawei__pura_70_pro_white
Смартфон Vivo Y17s 6/128GB Forest Green,64990.0,64990.0,,,https://www.sulpak.kz/g/smartfoniy_vivo_y17s_forest_green_6_128
Смартфон Apple iPhone 14 6/512GB Starlight,609990.0,609990.0,,,https://www.sulpak.kz/g/smartfoniy_apple_iphone_14_512gb_starlight_mpx43rua
Смартфон OPPO A60 8/128GB Ripple Blue,79990.0,79990.0,,,https://www.sulpak.kz/g/smartfoniy-oppo-a60-8128gb-ripple-blue
Смартфон Apple iPhone 16 Plus 8/512GB Teal,844990.0,844990.0,,,https://www.sulpak.kz/g/smartfoniy-apple-iphone-16-plus-512gb-teal-my2j3hxa
Смартфон Apple iPhone 13 128GB Midnight (Demo),319990.0,319990.0,,,https://www.sulpak.kz/g/smartfon_apple_iphone_13_128gb_midnight_demo_3j837rua
Комплект Смартфон Samsung Galaxy A36 5G 128GB Black (SM-A366EZKDSKZ) + Фитнес браслет Samsung Galaxy Fit3 Silver SM-R390NZSACIS,0,0,,,https://www.sulpak.kz/g/smartfoniy-samsung-galaxy-a36-5g-128gb-black-sm-a366ezkdskz-77-7127
Смартфон Vivo Y20 4/64GB Obsidian Black,79990.0,79990.0,,,https://www.sulpak.kz/g/smartfon_vivo__y20_obsidian_black_y20_77_2776
Смартфон Honor X6a 4/128GB Sky Silver,64990.0,64990.0,,,https://www.sulpak.kz/g/smartfoniy_honor_x6a_4_128_sky_silver
Комплект Смартфон OPPO Reno12F 8/512GB Matte Grey+ подарочный комплект,0,0,,,https://www.sulpak.kz/g/smartfoniy-oppo-reno12f-8512gb-matte-grey-77-6687
Смартфон Tecno CAMON 30 8/256GB Uyuni Salt White,114990.0,114990.0,,,https://www.sulpak.kz/g/smartfoniy-tecno-camon-30-8256gb-uyuni-salt-white
Смартфон Samsung Galaxy S24+ 12/512GB Onyx Black,549890.0,549890.0,,,https://www.sulpak.kz/g/smartfoniy_samsung_galaxy_s24__512gb_onyx_black_sm_s926bzkgskz
Комплект Смартфон Honor X8b 8/128GB Midnight Black + подарочный набор,0,0,,,https://www.sulpak.kz/g/smartfoniy-honor-x8b-8128gb-midnight-black
Смартфон Apple iPhone 14 6/128GB Starlight (Demo),382990.0,382990.0,,,https://www.sulpak.kz/g/tovariy_ne_dlya_prodazhi_apple_iphone_14_128gb_starlight_demo_3l221rua
Комплект Смартфон Samsung Galaxy A36 5G 256GB White (SM-A366EZAGSKZ) + Фитнес браслет Samsung Galaxy Fit3 Pink SM-R390NIDACIS,0,0,,,https://www.sulpak.kz/g/smartfoniy-samsung-galaxy-a36-5g-256gb-white-sm-a366ezagskz-77-7131
Смартфон Honor X6a 4/128GB Midnight black,64990.0,64990.0,,,https://www.sulpak.kz/g/smartfoniy_honor_x6a_4_128_midnight_black
Комплект Смартфон Honor X9b 8/256 Midnight Black + подарочный комплект,0,0,,,https://www.sulpak.kz/g/smartfoniy-honor-x9b-8256-midnight-black
Комплект Смартфон Samsung Galaxy A36 5G 128GB Black (SM-A366EZKDSKZ) + Фитнес браслет Samsung Galaxy Fit3 Graphite SM-R390NZAACIS,0,0,,,https://www.sulpak.kz/g/smartfoniy-samsung-galaxy-a36-5g-128gb-black-sm-a366ezkdskz-77-7130
Смартфон Apple iPhone 15 6/128GB Green (3M426ZF/A) Demo,424990.0,424990.0,,,https://www.sulpak.kz/g/smartfoniy_apple_15_128gb_green__demo
